UserID,AC/DC,Ariana Grande,Avicii,Bach,Beethoven,Billie Holiday,Calvin Harris,Chopin,Daft Punk,David Guetta,Deadmau5,Drake,Dua Lipa,Ed Sheeran,Ella Fitzgerald,Eminem,Guns N Roses,J. Cole,John Coltrane,Justin Bieber,Kanye West,Kendrick Lamar,Led Zeppelin,Louis Armstrong,Metallica,Miles Davis,Mozart,Nirvana,Queen,Taylor Swift,Tchaikovsky,The Weeknd,Tiesto,Travis Scott,Vivaldi
user_1,0.0,0.0,21.0,0.0,60.0,0.0,64.0,91.0,30.0,88.0,22.0,0.0,0.0,0.0,0.0,89.0,0.0,0.0,0.0,0.0,42.0,0.0,0.0,0.0,0.0,0.0,0.0,0.0,0.0,0.0,0.0,0.0,76.0,0.0,0.0
user_10,0.0,0.0,0.0,0.0,0.0,0.0,0.0,0.0,20.0,0.0,0.0,0.0,0.0,0.0,0.0,0.0,0.0,0.0,0.0,0.0,0.0,0.0,48.0,0.0,99.0,0.0,0.0,0.0,0.0,0.0,0.0,0.0,0.0,0.0,0.0
user_100,90.0,61.0,45.0,0.0,0.0,0.0,47.0,15.0,92.0,57.0,17.0,0.0,0.0,0.0,0.0,0.0,0.0,0.0,0.0,0.0,0.0,0.0,0.0,0.0,0.0,0.0,0.0,0.0,0.0,75.0,0.0,0.0,20.0,0.0,0.0
user_101,51.0,64.0,0.0,0.0,0.0,0.0,0.0,0.0,0.0,0.0,0.0,0.0,0.0,0.0,0.0,0.0,0.0,0.0,0.0,0.0,0.0,0.0,35.0,0.0,0.0,0.0,0.0,19.0,0.0,0.0,69.0,0.0,0.0,0.0,0.0
user_102,24.0,0.0,39.0,0.0,0.0,0.0,0.0,0.0,0.0,0.0,0.0,0.0,0.0,0.0,0.0,0.0,0.0,0.0,0.0,0.0,0.0,0.0,0.0,0.0,0.0,0.0,0.0,0.0,0.0,0.0,0.0,0.0,35.0,0.0,0.0
user_103,0.0,0.0,7.0,0.0,0.0,70.0,30.0,0.0,0.0,80.0,14.0,0.0,0.0,0.0,0.0,0.0,0.0,0.0,73.0,0.0,0.0,0.0,0.0,0.0,0.0,89.0,0.0,0.0,0.0,0.0,0.0,0.0,55.0,0.0,0.0
user_104,0.0,87.0,37.0,0.0,0.0,0.0,42.0,0.0,32.0,14.0,20.0,0.0,21.0,0.0,0.0,0.0,0.0,0.0,69.0,0.0,0.0,0.0,0.0,0.0,0.0,0.0,0.0,0.0,0.0,0.0,0.0,0.0,7.0,0.0,0.0
user_105,0.0,0.0,0.0,0.0,0.0,68.0,0.0,28.0,0.0,0.0,0.0,0.0,43.0,0.0,81.0,0.0,0.0,0.0,50.0,0.0,0.0,0.0,0.0,71.0,0.0,61.0,0.0,0.0,0.0,39.0,0.0,0.0,0.0,0.0,0.0
user_106,0.0,74.0,0.0,0.0,39.0,0.0,0.0,0.0,0.0,0.0,0.0,0.0,0.0,0.0,0.0,0.0,0.0,0.0,0.0,16.0,0.0,0.0,88.0,0.0,0.0,0.0,0.0,0.0,0.0,0.0,0.0,0.0,0.0,0.0,0.0
user_107,99.0,0.0,0.0,0.0,0.0,23.0,0.0,97.0,0.0,0.0,0.0,28.0,0.0,0.0,0.0,72.0,0.0,63.0,0.0,0.0,25.0,40.0,0.0,50.0,0.0,0.0,0.0,0.0,0.0,0.0,0.0,0.0,0.0,14.0,0.0
user_108,0.0,0.0,0.0,0.0,0.0,0.0,0.0,0.0,0.0,0.0,0.0,72.0,0.0,0.0,0.0,0.0,0.0,47.0,0.0,3.0,0.0,42.0,0.0,2.0,0.0,0.0,0.0,0.0,0.0,0.0,0.0,0.0,0.0,84.0,40.0
user_109,0.0,0.0,0.0,0.0,0.0,0.0,32.0,0.0,12.0,0.0,0.0,0.0,0.0,0.0,46.0,0.0,0.0,0.0,0.0,0.0,0.0,0.0,0.0,0.0,0.0,0.0,0.0,0.0,0.0,0.0,0.0,0.0,0.0,0.0,0.0
user_11,0.0,8.0,54.0,0.0,0.0,0.0,33.0,0.0,48.0,33.0,41.0,0.0,17.0,0.0,0.0,0.0,0.0,0.0,0.0,0.0,0.0,0.0,59.0,0.0,0.0,0.0,0.0,48.0,0.0,0.0,0.0,0.0,80.0,0.0,0.0
user_110,5.0,0.0,0.0,0.0,0.0,34.0,0.0,0.0,0.0,0.0,0.0,0.0,0.0,0.0,27.0,0.0,0.0,0.0,97.0,0.0,0.0,0.0,0.0,25.0,93.0,25.0,0.0,0.0,0.0,0.0,0.0,0.0,61.0,0.0,0.0
user_111,85.0,0.0,90.0,0.0,41.0,0.0,0.0,0.0,30.0,21.0,76.0,0.0,0.0,0.0,0.0,0.0,0.0,0.0,0.0,0.0,0.0,0.0,0.0,0.0,0.0,52.0,0.0,0.0,0.0,0.0,0.0,0.0,86.0,0.0,0.0
user_112,16.0,0.0,99.0,0.0,0.0,0.0,0.0,4.0,0.0,0.0,0.0,0.0,0.0,0.0,0.0,0.0,66.0,0.0,0.0,53.0,0.0,0.0,40.0,0.0,1.0,0.0,0.0,47.0,20.0,0.0,0.0,0.0,25.0,0.0,0.0
user_113,0.0,0.0,0.0,46.0,97.0,0.0,0.0,0.0,0.0,0.0,72.0,0.0,0.0,0.0,0.0,0.0,0.0,0.0,0.0,0.0,0.0,0.0,0.0,0.0,19.0,0.0,0.0,0.0,0.0,0.0,91.0,0.0,0.0,0.0,91.0
user_114,0.0,73.0,0.0,0.0,0.0,0.0,0.0,0.0,0.0,42.0,0.0,0.0,0.0,0.0,0.0,0.0,0.0,0.0,0.0,0.0,0.0,0.0,0.0,0.0,0.0,0.0,0.0,0.0,0.0,0.0,0.0,0.0,51.0,0.0,0.0
user_115,0.0,0.0,52.0,0.0,0.0,68.0,40.0,68.0,14.0,64.0,30.0,0.0,0.0,0.0,59.0,0.0,0.0,0.0,0.0,0.0,0.0,0.0,0.0,0.0,0.0,0.0,0.0,0.0,0.0,0.0,0.0,0.0,53.0,0.0,0.0
user_116,67.0,0.0,0.0,0.0,0.0,0.0,0.0,0.0,0.0,0.0,0.0,0.0,0.0,0.0,98.0,0.0,73.0,0.0,0.0,0.0,0.0,0.0,50.0,0.0,48.0,0.0,0.0,21.0,33.0,0.0,9.0,35.0,8.0,0.0,0.0
user_117,0.0,0.0,22.0,66.0,0.0,0.0,28.0,0.0,45.0,0.0,29.0,0.0,0.0,0.0,0.0,0.0,0.0,0.0,0.0,0.0,0.0,0.0,0.0,0.0,0.0,91.0,0.0,0.0,0.0,0.0,86.0,0.0,4.0,0.0,0.0
user_118,0.0,93.0,62.0,0.0,0.0,0.0,0.0,0.0,0.0,0.0,0.0,0.0,99.0,48.0,0.0,0.0,0.0,0.0,49.0,65.0,0.0,0.0,0.0,0.0,0.0,0.0,0.0,0.0,0.0,84.0,0.0,13.0,0.0,0.0,0.0
user_119,0.0,51.0,0.0,0.0,0.0,0.0,0.0,0.0,0.0,0.0,0.0,0.0,19.0,39.0,0.0,0.0,0.0,0.0,0.0,88.0,0.0,0.0,0.0,0.0,0.0,0.0,19.0,0.0,1.0,39.0,0.0,64.0,77.0,0.0,0.0
user_12,0.0,0.0,0.0,4.0,61.0,0.0,0.0,69.0,0.0,0.0,0.0,0.0,0.0,0.0,0.0,92.0,46.0,0.0,0.0,6.0,0.0,0.0,0.0,0.0,0.0,0.0,64.0,0.0,0.0,0.0,17.0,0.0,0.0,0.0,64.0
user_120,97.0,39.0,0.0,0.0,0.0,40.0,74.0,0.0,0.0,0.0,0.0,0.0,0.0,0.0,68.0,0.0,15.0,0.0,18.0,0.0,0.0,0.0,0.0,19.0,0.0,36.0,63.0,0.0,0.0,0.0,0.0,0.0,0.0,0.0,0.0
user_121,0.0,0.0,0.0,0.0,38.0,0.0,0.0,0.0,0.0,0.0,0.0,16.0,0.0,0.0,95.0,93.0,0.0,79.0,0.0,0.0,12.0,65.0,0.0,0.0,0.0,0.0,0.0,0.0,0.0,85.0,0.0,0.0,0.0,81.0,0.0
user_122,0.0,0.0,0.0,0.0,0.0,44.0,0.0,0.0,0.0,56.0,0.0,0.0,57.0,0.0,48.0,0.0,0.0,0.0,63.0,0.0,0.0,0.0,0.0,98.0,0.0,67.0,0.0,33.0,0.0,0.0,0.0,0.0,0.0,0.0,0.0
user_123,0.0,0.0,48.0,0.0,56.0,11.0,65.0,0.0,0.0,0.0,0.0,0.0,0.0,0.0,43.0,0.0,0.0,0.0,92.0,0.0,0.0,0.0,0.0,8.0,0.0,38.0,0.0,0.0,0.0,0.0,0.0,0.0,0.0,0.0,0.0
user_124,0.0,0.0,0.0,0.0,0.0,0.0,0.0,0.0,0.0,0.0,0.0,0.0,0.0,64.0,0.0,0.0,0.0,0.0,6.0,0.0,0.0,0.0,0.0,0.0,0.0,0.0,0.0,0.0,0.0,51.0,0.0,0.0,15.0,0.0,0.0
user_125,0.0,0.0,0.0,29.0,69.0,0.0,87.0,17.0,3.0,0.0,34.0,0.0,0.0,0.0,0.0,0.0,0.0,0.0,0.0,0.0,86.0,0.0,0.0,0.0,0.0,0.0,96.0,0.0,0.0,0.0,59.0,0.0,0.0,0.0,49.0
user_126,1.0,0.0,0.0,0.0,0.0,99.0,0.0,0.0,0.0,0.0,0.0,0.0,0.0,0.0,98.0,0.0,0.0,0.0,0.0,0.0,0.0,0.0,0.0,0.0,68.0,0.0,0.0,63.0,0.0,0.0,0.0,0.0,0.0,0.0,0.0
user_127,0.0,0.0,0.0,0.0,0.0,0.0,36.0,0.0,0.0,5.0,0.0,0.0,0.0,64.0,0.0,0.0,0.0,98.0,0.0,0.0,0.0,0.0,0.0,0.0,0.0,0.0,0.0,0.0,0.0,0.0,0.0,0.0,85.0,0.0,0.0
user_128,51.0,7.0,0.0,52.0,75.0,0.0,0.0,19.0,0.0,0.0,81.0,0.0,0.0,0.0,0.0,0.0,0.0,0.0,0.0,53.0,0.0,0.0,0.0,0.0,0.0,0.0,48.0,0.0,0.0,0.0,75.0,82.0,0.0,0.0,62.0
user_129,0.0,24.0,56.0,0.0,19.0,0.0,0.0,0.0,0.0,0.0,0.0,42.0,0.0,0.0,0.0,86.0,0.0,80.0,0.0,0.0,67.0,96.0,0.0,0.0,0.0,0.0,0.0,0.0,0.0,0.0,0.0,0.0,0.0,66.0,94.0
user_13,0.0,42.0,18.0,0.0,0.0,0.0,67.0,0.0,32.0,95.0,2.0,0.0,0.0,0.0,0.0,0.0,0.0,0.0,0.0,9.0,0.0,0.0,0.0,0.0,0.0,0.0,0.0,0.0,0.0,0.0,0.0,0.0,27.0,17.0,48.0
user_130,0.0,0.0,0.0,0.0,0.0,0.0,0.0,0.0,0.0,0.0,0.0,0.0,1.0,0.0,0.0,0.0,60.0,0.0,0.0,0.0,0.0,0.0,13.0,0.0,0.0,0.0,0.0,0.0,0.0,0.0,0.0,0.0,0.0,0.0,0.0
user_131,0.0,0.0,45.0,0.0,0.0,0.0,0.0,0.0,0.0,0.0,0.0,0.0,0.0,0.0,96.0,77.0,0.0,0.0,0.0,0.0,14.0,0.0,0.0,0.0,0.0,0.0,0.0,0.0,0.0,0.0,0.0,0.0,0.0,0.0,0.0
user_132,0.0,0.0,0.0,0.0,0.0,0.0,0.0,0.0,0.0,0.0,0.0,8.0,0.0,0.0,0.0,34.0,19.0,56.0,0.0,0.0,17.0,39.0,30.0,13.0,0.0,0.0,0.0,0.0,0.0,0.0,0.0,0.0,0.0,93.0,0.0
user_133,0.0,77.0,0.0,0.0,0.0,79.0,0.0,0.0,0.0,0.0,0.0,0.0,12.0,82.0,0.0,0.0,0.0,0.0,75.0,87.0,0.0,0.0,0.0,0.0,0.0,0.0,0.0,0.0,0.0,0.0,0.0,24.0,0.0,76.0,0.0
user_134,0.0,65.0,0.0,0.0,0.0,0.0,0.0,51.0,0.0,0.0,0.0,0.0,82.0,44.0,0.0,0.0,17.0,0.0,0.0,19.0,0.0,0.0,13.0,0.0,0.0,0.0,0.0,49.0,0.0,28.0,0.0,27.0,0.0,0.0,0.0
user_135,0.0,0.0,0.0,0.0,0.0,0.0,0.0,0.0,0.0,0.0,0.0,0.0,0.0,0.0,0.0,0.0,0.0,0.0,0.0,0.0,0.0,0.0,33.0,0.0,0.0,0.0,0.0,13.0,0.0,0.0,0.0,0.0,0.0,0.0,11.0
user_136,0.0,0.0,71.0,0.0,0.0,16.0,99.0,0.0,13.0,78.0,13.0,0.0,0.0,0.0,0.0,0.0,0.0,0.0,0.0,0.0,0.0,0.0,0.0,0.0,0.0,87.0,0.0,0.0,73.0,0.0,54.0,0.0,31.0,0.0,0.0
user_137,0.0,0.0,0.0,0.0,0.0,44.0,0.0,0.0,0.0,0.0,0.0,0.0,0.0,0.0,0.0,0.0,0.0,0.0,28.0,0.0,0.0,0.0,0.0,0.0,21.0,0.0,0.0,0.0,0.0,0.0,0.0,0.0,99.0,0.0,0.0
user_138,0.0,0.0,0.0,0.0,0.0,0.0,0.0,0.0,0.0,0.0,0.0,0.0,13.0,0.0,0.0,0.0,0.0,0.0,0.0,24.0,86.0,0.0,0.0,0.0,0.0,0.0,0.0,0.0,0.0,0.0,0.0,0.0,0.0,0.0,0.0
user_139,0.0,0.0,53.0,0.0,0.0,34.0,65.0,0.0,76.0,28.0,60.0,6.0,0.0,0.0,0.0,0.0,0.0,0.0,25.0,59.0,0.0,0.0,0.0,0.0,0.0,0.0,0.0,0.0,0.0,0.0,0.0,0.0,92.0,0.0,0.0
user_14,0.0,0.0,0.0,0.0,0.0,0.0,0.0,32.0,0.0,0.0,0.0,0.0,0.0,0.0,0.0,65.0,0.0,0.0,0.0,98.0,87.0,0.0,0.0,0.0,0.0,0.0,0.0,0.0,0.0,0.0,0.0,0.0,0.0,0.0,0.0
user_140,29.0,77.0,0.0,0.0,0.0,29.0,0.0,0.0,0.0,0.0,0.0,0.0,0.0,0.0,98.0,0.0,87.0,0.0,0.0,0.0,0.0,0.0,86.0,0.0,72.0,0.0,0.0,8.0,4.0,0.0,0.0,0.0,0.0,0.0,0.0
user_141,0.0,65.0,71.0,0.0,0.0,0.0,45.0,53.0,57.0,11.0,90.0,0.0,0.0,0.0,0.0,0.0,0.0,0.0,0.0,0.0,0.0,0.0,0.0,0.0,95.0,75.0,0.0,0.0,0.0,0.0,0.0,0.0,25.0,0.0,0.0
user_142,0.0,0.0,75.0,0.0,0.0,0.0,5.0,0.0,50.0,98.0,52.0,0.0,0.0,78.0,0.0,0.0,0.0,0.0,0.0,0.0,0.0,0.0,6.0,0.0,0.0,0.0,0.0,0.0,0.0,0.0,0.0,21.0,0.0,0.0,0.0
user_143,0.0,99.0,0.0,11.0,77.0,0.0,0.0,0.0,16.0,0.0,0.0,0.0,0.0,0.0,0.0,0.0,0.0,0.0,0.0,0.0,0.0,0.0,0.0,0.0,0.0,0.0,70.0,0.0,0.0,0.0,0.0,0.0,0.0,0.0,0.0
user_144,0.0,0.0,0.0,0.0,0.0,0.0,0.0,0.0,0.0,0.0,0.0,34.0,0.0,94.0,0.0,43.0,0.0,98.0,0.0,0.0,8.0,29.0,59.0,88.0,0.0,0.0,0.0,0.0,0.0,0.0,0.0,0.0,43.0,80.0,0.0
user_145,0.0,0.0,0.0,66.0,22.0,0.0,10.0,0.0,0.0,0.0,0.0,0.0,0.0,0.0,0.0,0.0,0.0,9.0,0.0,0.0,0.0,0.0,0.0,13.0,0.0,0.0,93.0,0.0,0.0,0.0,88.0,0.0,0.0,0.0,27.0
user_146,99.0,0.0,0.0,0.0,0.0,18.0,0.0,0.0,0.0,78.0,0.0,0.0,0.0,0.0,0.0,0.0,0.0,0.0,0.0,0.0,0.0,0.0,94.0,0.0,91.0,0.0,0.0,0.0,0.0,0.0,0.0,0.0,0.0,0.0,0.0
user_147,0.0,0.0,0.0,0.0,0.0,0.0,41.0,0.0,59.0,87.0,0.0,0.0,0.0,5.0,0.0,0.0,65.0,0.0,0.0,0.0,0.0,0.0,0.0,0.0,0.0,0.0,0.0,0.0,0.0,0.0,0.0,0.0,20.0,0.0,0.0
user_148,0.0,0.0,0.0,76.0,19.0,0.0,0.0,0.0,0.0,0.0,0.0,0.0,0.0,0.0,40.0,60.0,0.0,0.0,0.0,0.0,0.0,0.0,0.0,0.0,0.0,0.0,0.0,0.0,0.0,0.0,0.0,0.0,0.0,0.0,0.0
user_149,0.0,0.0,0.0,0.0,0.0,91.0,0.0,0.0,0.0,0.0,67.0,0.0,0.0,0.0,15.0,0.0,0.0,0.0,0.0,0.0,0.0,0.0,0.0,37.0,0.0,19.0,40.0,0.0,0.0,0.0,0.0,0.0,0.0,0.0,0.0
user_15,55.0,60.0,0.0,0.0,0.0,0.0,0.0,0.0,0.0,30.0,0.0,0.0,96.0,6.0,0.0,0.0,0.0,0.0,0.0,5.0,16.0,0.0,0.0,0.0,0.0,0.0,17.0,0.0,0.0,8.0,0.0,94.0,0.0,0.0,0.0
user_150,0.0,0.0,0.0,0.0,0.0,0.0,0.0,57.0,23.0,0.0,0.0,0.0,0.0,0.0,0.0,0.0,0.0,0.0,0.0,0.0,0.0,0.0,0.0,0.0,0.0,0.0,0.0,0.0,0.0,62.0,0.0,0.0,69.0,0.0,0.0
user_151,0.0,69.0,0.0,0.0,0.0,0.0,0.0,0.0,0.0,0.0,0.0,0.0,25.0,87.0,39.0,0.0,0.0,0.0,0.0,36.0,0.0,0.0,0.0,72.0,0.0,0.0,0.0,0.0,0.0,50.0,0.0,51.0,54.0,0.0,47.0
user_152,25.0,15.0,0.0,0.0,0.0,0.0,0.0,0.0,0.0,0.0,0.0,0.0,0.0,0.0,0.0,0.0,65.0,0.0,0.0,0.0,70.0,0.0,81.0,39.0,88.0,0.0,0.0,51.0,21.0,23.0,0.0,0.0,0.0,0.0,0.0
user_153,0.0,0.0,0.0,90.0,32.0,0.0,0.0,55.0,0.0,35.0,0.0,0.0,83.0,0.0,33.0,0.0,0.0,0.0,0.0,0.0,0.0,0.0,0.0,0.0,0.0,0.0,18.0,0.0,0.0,61.0,81.0,0.0,0.0,0.0,76.0
user_154,0.0,0.0,0.0,0.0,0.0,0.0,0.0,0.0,0.0,0.0,80.0,0.0,43.0,0.0,0.0,27.0,0.0,0.0,0.0,0.0,0.0,64.0,0.0,0.0,0.0,0.0,0.0,0.0,0.0,0.0,0.0,0.0,0.0,19.0,0.0
user_155,0.0,80.0,0.0,0.0,0.0,0.0,0.0,0.0,97.0,0.0,0.0,0.0,16.0,51.0,0.0,0.0,0.0,0.0,0.0,0.0,0.0,0.0,0.0,0.0,0.0,0.0,0.0,0.0,0.0,56.0,12.0,0.0,0.0,0.0,0.0
user_156,0.0,0.0,0.0,0.0,0.0,54.0,0.0,0.0,20.0,0.0,0.0,33.0,0.0,0.0,0.0,0.0,0.0,19.0,0.0,0.0,62.0,66.0,0.0,0.0,0.0,0.0,84.0,0.0,0.0,0.0,0.0,0.0,0.0,0.0,0.0
user_157,91.0,0.0,0.0,0.0,98.0,0.0,0.0,0.0,0.0,0.0,0.0,0.0,0.0,35.0,0.0,0.0,69.0,24.0,0.0,0.0,0.0,0.0,41.0,0.0,90.0,38.0,0.0,76.0,3.0,0.0,0.0,0.0,0.0,0.0,0.0
user_158,0.0,0.0,0.0,0.0,0.0,0.0,0.0,0.0,59.0,2.0,0.0,99.0,0.0,0.0,0.0,97.0,0.0,10.0,0.0,0.0,6.0,34.0,0.0,59.0,0.0,0.0,0.0,0.0,0.0,0.0,0.0,0.0,0.0,30.0,0.0
user_159,0.0,0.0,0.0,0.0,0.0,0.0,0.0,0.0,0.0,22.0,0.0,0.0,0.0,0.0,0.0,0.0,0.0,0.0,0.0,0.0,98.0,0.0,0.0,0.0,0.0,0.0,0.0,0.0,0.0,0.0,0.0,0.0,51.0,0.0,0.0
user_16,0.0,0.0,96.0,0.0,0.0,0.0,26.0,0.0,64.0,1.0,67.0,0.0,0.0,94.0,0.0,0.0,0.0,0.0,0.0,86.0,0.0,0.0,69.0,0.0,0.0,0.0,29.0,0.0,0.0,0.0,0.0,0.0,22.0,0.0,0.0
user_160,0.0,0.0,93.0,0.0,0.0,35.0,0.0,0.0,26.0,0.0,0.0,0.0,0.0,73.0,32.0,0.0,0.0,0.0,74.0,0.0,0.0,0.0,0.0,27.0,0.0,85.0,0.0,0.0,0.0,28.0,92.0,0.0,0.0,0.0,0.0
user_161,0.0,0.0,0.0,63.0,0.0,0.0,0.0,0.0,0.0,0.0,0.0,16.0,94.0,0.0,0.0,48.0,0.0,67.0,0.0,0.0,61.0,33.0,0.0,0.0,0.0,82.0,0.0,0.0,0.0,0.0,0.0,36.0,0.0,40.0,0.0
user_162,0.0,0.0,0.0,0.0,0.0,0.0,0.0,89.0,0.0,0.0,0.0,0.0,0.0,0.0,0.0,0.0,0.0,0.0,0.0,0.0,60.0,0.0,0.0,0.0,0.0,0.0,0.0,0.0,97.0,0.0,6.0,0.0,0.0,0.0,73.0
user_163,0.0,0.0,18.0,0.0,0.0,0.0,0.0,0.0,0.0,0.0,0.0,0.0,0.0,0.0,0.0,0.0,0.0,0.0,63.0,37.0,0.0,0.0,0.0,0.0,0.0,0.0,0.0,0.0,0.0,0.0,0.0,40.0,0.0,0.0,0.0
user_164,71.0,1.0,0.0,0.0,0.0,0.0,0.0,0.0,0.0,0.0,0.0,12.0,0.0,0.0,0.0,0.0,47.0,0.0,0.0,0.0,0.0,0.0,21.0,68.0,74.0,0.0,0.0,1.0,29.0,0.0,0.0,0.0,83.0,0.0,0.0
user_165,87.0,0.0,0.0,0.0,0.0,0.0,0.0,30.0,0.0,0.0,0.0,35.0,76.0,0.0,0.0,58.0,0.0,9.0,0.0,0.0,49.0,5.0,0.0,0.0,0.0,0.0,0.0,0.0,0.0,0.0,0.0,0.0,0.0,85.0,0.0
user_166,0.0,0.0,0.0,78.0,30.0,0.0,15.0,94.0,0.0,0.0,73.0,0.0,28.0,0.0,0.0,0.0,78.0,0.0,0.0,0.0,0.0,0.0,0.0,0.0,0.0,0.0,32.0,0.0,0.0,0.0,10.0,0.0,0.0,0.0,36.0
user_167,0.0,0.0,0.0,0.0,49.0,0.0,0.0,0.0,0.0,0.0,0.0,17.0,0.0,0.0,0.0,64.0,0.0,1.0,0.0,0.0,29.0,93.0,0.0,0.0,7.0,0.0,0.0,0.0,69.0,0.0,49.0,0.0,0.0,48.0,0.0
user_168,0.0,0.0,0.0,16.0,0.0,0.0,0.0,0.0,0.0,0.0,0.0,0.0,0.0,79.0,0.0,0.0,0.0,0.0,0.0,32.0,0.0,0.0,0.0,0.0,0.0,0.0,0.0,0.0,0.0,0.0,0.0,0.0,0.0,0.0,0.0
user_169,0.0,96.0,57.0,41.0,15.0,0.0,0.0,11.0,0.0,0.0,0.0,0.0,0.0,0.0,57.0,0.0,0.0,0.0,0.0,0.0,0.0,45.0,0.0,0.0,0.0,0.0,48.0,0.0,0.0,0.0,18.0,79.0,0.0,0.0,46.0
user_17,61.0,0.0,0.0,0.0,84.0,69.0,0.0,33.0,92.0,0.0,0.0,0.0,0.0,0.0,19.0,0.0,0.0,0.0,4.0,0.0,0.0,0.0,0.0,95.0,0.0,96.0,0.0,50.0,0.0,0.0,0.0,0.0,0.0,0.0,0.0
user_170,0.0,0.0,30.0,0.0,0.0,0.0,0.0,0.0,0.0,0.0,0.0,0.0,0.0,0.0,0.0,0.0,96.0,0.0,0.0,0.0,0.0,0.0,75.0,0.0,95.0,0.0,0.0,4.0,60.0,0.0,0.0,0.0,2.0,0.0,0.0
user_171,0.0,0.0,39.0,0.0,0.0,0.0,81.0,0.0,0.0,0.0,0.0,0.0,0.0,0.0,0.0,0.0,83.0,0.0,0.0,0.0,0.0,0.0,0.0,0.0,0.0,0.0,0.0,0.0,0.0,0.0,29.0,0.0,0.0,0.0,0.0
user_172,10.0,0.0,62.0,0.0,0.0,0.0,11.0,0.0,61.0,59.0,57.0,0.0,0.0,0.0,0.0,0.0,11.0,94.0,0.0,0.0,0.0,0.0,0.0,0.0,0.0,0.0,0.0,0.0,0.0,0.0,90.0,0.0,76.0,0.0,0.0
user_173,13.0,8.0,0.0,0.0,0.0,0.0,0.0,79.0,0.0,0.0,0.0,0.0,0.0,0.0,0.0,0.0,7.0,0.0,0.0,0.0,0.0,0.0,96.0,0.0,84.0,0.0,21.0,53.0,21.0,0.0,0.0,33.0,37.0,0.0,0.0
user_174,0.0,0.0,8.0,0.0,0.0,0.0,43.0,0.0,97.0,20.0,38.0,0.0,0.0,0.0,0.0,0.0,0.0,96.0,0.0,0.0,0.0,0.0,91.0,0.0,0.0,0.0,0.0,0.0,0.0,0.0,74.0,0.0,31.0,0.0,0.0
user_175,0.0,0.0,0.0,48.0,0.0,0.0,0.0,0.0,0.0,0.0,0.0,0.0,0.0,0.0,0.0,0.0,0.0,0.0,54.0,0.0,0.0,0.0,0.0,0.0,0.0,30.0,0.0,0.0,0.0,0.0,0.0,0.0,0.0,0.0,0.0
user_176,0.0,0.0,25.0,0.0,0.0,0.0,61.0,0.0,0.0,0.0,0.0,19.0,0.0,0.0,0.0,61.0,0.0,10.0,0.0,0.0,0.0,66.0,0.0,0.0,0.0,0.0,0.0,0.0,0.0,0.0,0.0,0.0,0.0,25.0,48.0
user_177,0.0,0.0,0.0,0.0,0.0,0.0,0.0,0.0,0.0,0.0,38.0,42.0,0.0,0.0,0.0,0.0,0.0,0.0,14.0,0.0,0.0,4.0,0.0,0.0,0.0,0.0,0.0,0.0,0.0,0.0,0.0,0.0,0.0,0.0,0.0
user_178,0.0,0.0,0.0,0.0,0.0,0.0,0.0,22.0,0.0,0.0,0.0,54.0,0.0,0.0,0.0,0.0,0.0,59.0,0.0,0.0,0.0,0.0,0.0,0.0,0.0,0.0,65.0,0.0,0.0,0.0,0.0,0.0,0.0,0.0,0.0
user_179,0.0,28.0,54.0,0.0,0.0,0.0,0.0,0.0,0.0,0.0,0.0,66.0,79.0,94.0,0.0,0.0,0.0,0.0,0.0,77.0,0.0,0.0,0.0,0.0,0.0,0.0,0.0,0.0,0.0,94.0,0.0,40.0,0.0,37.0,0.0
user_18,0.0,0.0,0.0,0.0,0.0,7.0,0.0,58.0,0.0,0.0,0.0,26.0,0.0,0.0,0.0,0.0,0.0,95.0,0.0,0.0,90.0,35.0,0.0,0.0,90.0,0.0,0.0,0.0,0.0,0.0,0.0,0.0,0.0,0.0,0.0
user_180,0.0,0.0,0.0,0.0,0.0,0.0,0.0,0.0,0.0,0.0,0.0,53.0,0.0,0.0,53.0,84.0,0.0,7.0,0.0,94.0,59.0,35.0,0.0,0.0,0.0,0.0,0.0,8.0,0.0,0.0,0.0,0.0,0.0,81.0,0.0
user_181,0.0,0.0,0.0,0.0,0.0,0.0,0.0,0.0,0.0,0.0,0.0,0.0,0.0,0.0,0.0,0.0,0.0,0.0,0.0,71.0,0.0,20.0,0.0,0.0,0.0,0.0,0.0,0.0,0.0,58.0,0.0,0.0,0.0,0.0,0.0
user_182,0.0,0.0,0.0,49.0,26.0,0.0,0.0,13.0,0.0,0.0,0.0,0.0,0.0,0.0,0.0,0.0,0.0,95.0,0.0,64.0,31.0,0.0,0.0,0.0,0.0,0.0,10.0,0.0,0.0,0.0,94.0,0.0,0.0,0.0,64.0
user_183,0.0,0.0,53.0,0.0,0.0,0.0,0.0,0.0,57.0,89.0,9.0,0.0,0.0,15.0,0.0,0.0,0.0,0.0,0.0,0.0,0.0,0.0,0.0,0.0,0.0,15.0,0.0,0.0,0.0,0.0,0.0,0.0,0.0,76.0,0.0
user_184,0.0,96.0,0.0,0.0,0.0,0.0,0.0,0.0,0.0,14.0,0.0,0.0,16.0,81.0,0.0,0.0,0.0,0.0,0.0,6.0,0.0,0.0,0.0,60.0,39.0,0.0,77.0,0.0,0.0,59.0,0.0,48.0,0.0,0.0,0.0
user_185,0.0,0.0,31.0,0.0,0.0,6.0,0.0,0.0,0.0,0.0,0.0,0.0,0.0,0.0,72.0,0.0,0.0,0.0,10.0,0.0,0.0,0.0,0.0,49.0,0.0,59.0,0.0,89.0,0.0,0.0,69.0,0.0,0.0,0.0,0.0
user_186,0.0,0.0,0.0,0.0,0.0,0.0,0.0,0.0,0.0,0.0,0.0,0.0,0.0,0.0,0.0,0.0,97.0,0.0,0.0,72.0,0.0,17.0,77.0,0.0,54.0,0.0,0.0,0.0,15.0,0.0,0.0,0.0,0.0,0.0,0.0
user_187,0.0,0.0,0.0,0.0,0.0,0.0,0.0,0.0,0.0,0.0,0.0,82.0,40.0,0.0,0.0,93.0,0.0,30.0,0.0,55.0,13.0,96.0,0.0,0.0,0.0,0.0,0.0,0.0,0.0,0.0,0.0,0.0,0.0,16.0,85.0
user_188,0.0,0.0,32.0,0.0,0.0,0.0,78.0,0.0,98.0,57.0,99.0,0.0,0.0,0.0,0.0,0.0,0.0,0.0,0.0,65.0,0.0,0.0,0.0,0.0,0.0,62.0,0.0,0.0,0.0,0.0,0.0,42.0,97.0,0.0,0.0
user_189,0.0,37.0,0.0,0.0,0.0,0.0,0.0,0.0,0.0,0.0,0.0,0.0,0.0,0.0,0.0,0.0,0.0,0.0,0.0,0.0,54.0,0.0,0.0,0.0,0.0,0.0,0.0,0.0,0.0,0.0,0.0,64.0,0.0,0.0,0.0
user_19,23.0,89.0,0.0,0.0,0.0,0.0,0.0,0.0,0.0,0.0,0.0,0.0,0.0,0.0,0.0,0.0,99.0,62.0,0.0,30.0,0.0,0.0,36.0,0.0,96.0,0.0,0.0,12.0,55.0,0.0,0.0,0.0,0.0,0.0,0.0
user_190,0.0,0.0,0.0,0.0,0.0,0.0,68.0,0.0,0.0,49.0,0.0,0.0,56.0,17.0,0.0,0.0,0.0,0.0,0.0,0.0,0.0,0.0,0.0,0.0,0.0,0.0,0.0,0.0,0.0,66.0,0.0,0.0,0.0,0.0,0.0
user_191,0.0,0.0,82.0,0.0,0.0,0.0,72.0,0.0,63.0,4.0,27.0,0.0,0.0,0.0,25.0,0.0,0.0,0.0,0.0,0.0,0.0,31.0,0.0,16.0,0.0,0.0,0.0,0.0,0.0,0.0,0.0,0.0,1.0,67.0,0.0
user_192,0.0,0.0,0.0,15.0,0.0,0.0,0.0,53.0,0.0,0.0,0.0,87.0,0.0,0.0,0.0,0.0,0.0,84.0,0.0,0.0,0.0,87.0,0.0,0.0,0.0,0.0,87.0,0.0,0.0,0.0,26.0,0.0,0.0,0.0,76.0
user_193,0.0,0.0,0.0,5.0,47.0,99.0,0.0,38.0,91.0,0.0,0.0,0.0,0.0,0.0,0.0,0.0,0.0,0.0,0.0,40.0,0.0,0.0,0.0,0.0,0.0,0.0,52.0,0.0,0.0,0.0,21.0,0.0,21.0,0.0,15.0
user_194,92.0,0.0,0.0,0.0,0.0,0.0,0.0,0.0,0.0,0.0,54.0,0.0,0.0,0.0,0.0,0.0,73.0,77.0,0.0,0.0,0.0,0.0,93.0,0.0,2.0,0.0,0.0,60.0,30.0,0.0,0.0,0.0,0.0,0.0,76.0
user_195,22.0,0.0,0.0,0.0,0.0,0.0,0.0,0.0,0.0,0.0,0.0,0.0,0.0,0.0,0.0,0.0,80.0,0.0,0.0,0.0,0.0,0.0,17.0,0.0,21.0,13.0,78.0,54.0,63.0,6.0,0.0,0.0,0.0,0.0,0.0
user_196,0.0,0.0,0.0,90.0,49.0,0.0,0.0,34.0,0.0,0.0,0.0,0.0,0.0,0.0,18.0,0.0,0.0,0.0,14.0,0.0,0.0,0.0,0.0,0.0,0.0,0.0,47.0,0.0,0.0,0.0,6.0,0.0,17.0,0.0,64.0
user_197,0.0,0.0,13.0,0.0,0.0,0.0,48.0,0.0,24.0,17.0,50.0,0.0,0.0,0.0,0.0,14.0,0.0,0.0,0.0,0.0,0.0,40.0,0.0,79.0,0.0,0.0,0.0,0.0,0.0,0.0,0.0,0.0,99.0,0.0,0.0
user_198,0.0,0.0,45.0,0.0,0.0,0.0,0.0,0.0,57.0,30.0,0.0,69.0,0.0,0.0,0.0,0.0,0.0,0.0,0.0,0.0,18.0,0.0,0.0,0.0,0.0,0.0,0.0,0.0,0.0,0.0,0.0,0.0,8.0,0.0,0.0
user_199,0.0,0.0,0.0,0.0,0.0,18.0,0.0,0.0,0.0,17.0,0.0,0.0,0.0,0.0,96.0,0.0,11.0,0.0,74.0,0.0,0.0,0.0,0.0,6.0,0.0,93.0,0.0,0.0,0.0,0.0,0.0,0.0,0.0,0.0,63.0
user_2,36.0,0.0,84.0,0.0,0.0,0.0,14.0,0.0,60.0,8.0,53.0,0.0,0.0,0.0,0.0,0.0,0.0,0.0,0.0,4.0,0.0,0.0,0.0,0.0,0.0,0.0,78.0,0.0,0.0,0.0,0.0,0.0,9.0,0.0,0.0
user_20,85.0,12.0,0.0,0.0,0.0,0.0,0.0,0.0,0.0,0.0,0.0,0.0,0.0,69.0,53.0,0.0,0.0,0.0,0.0,0.0,0.0,0.0,0.0,0.0,0.0,0.0,0.0,0.0,0.0,52.0,0.0,16.0,0.0,0.0,0.0
user_200,0.0,0.0,0.0,0.0,0.0,0.0,0.0,0.0,0.0,65.0,22.0,0.0,0.0,0.0,0.0,0.0,0.0,0.0,0.0,0.0,77.0,0.0,0.0,0.0,0.0,0.0,0.0,0.0,0.0,0.0,0.0,0.0,0.0,0.0,0.0
user_201,0.0,87.0,0.0,0.0,0.0,0.0,0.0,0.0,0.0,0.0,0.0,0.0,0.0,47.0,0.0,0.0,0.0,0.0,0.0,0.0,0.0,0.0,83.0,0.0,47.0,0.0,0.0,73.0,0.0,0.0,0.0,0.0,0.0,0.0,0.0
user_202,0.0,0.0,78.0,0.0,0.0,0.0,0.0,0.0,0.0,0.0,0.0,0.0,0.0,0.0,0.0,0.0,0.0,0.0,0.0,0.0,0.0,0.0,0.0,0.0,0.0,0.0,0.0,10.0,0.0,0.0,0.0,48.0,41.0,0.0,0.0
user_203,2.0,0.0,0.0,0.0,0.0,0.0,0.0,0.0,0.0,0.0,0.0,59.0,0.0,59.0,0.0,18.0,0.0,76.0,0.0,0.0,47.0,16.0,0.0,0.0,0.0,0.0,0.0,27.0,0.0,0.0,0.0,77.0,0.0,75.0,0.0
user_204,0.0,0.0,23.0,0.0,19.0,0.0,71.0,27.0,47.0,52.0,67.0,0.0,0.0,0.0,0.0,0.0,0.0,0.0,0.0,0.0,0.0,0.0,0.0,21.0,0.0,0.0,0.0,0.0,0.0,0.0,29.0,0.0,37.0,0.0,0.0
user_205,0.0,62.0,0.0,32.0,0.0,79.0,20.0,0.0,0.0,0.0,0.0,0.0,73.0,19.0,0.0,0.0,0.0,0.0,0.0,0.0,0.0,0.0,0.0,0.0,0.0,0.0,0.0,0.0,0.0,22.0,0.0,52.0,0.0,0.0,0.0
user_206,0.0,0.0,0.0,0.0,0.0,0.0,0.0,0.0,0.0,0.0,0.0,0.0,0.0,0.0,0.0,0.0,0.0,0.0,0.0,0.0,0.0,0.0,0.0,0.0,0.0,0.0,0.0,93.0,34.0,0.0,42.0,0.0,0.0,95.0,0.0
user_207,0.0,0.0,0.0,0.0,0.0,0.0,0.0,0.0,0.0,0.0,50.0,88.0,0.0,0.0,0.0,11.0,0.0,96.0,97.0,0.0,4.0,60.0,92.0,0.0,95.0,0.0,0.0,0.0,0.0,0.0,0.0,0.0,0.0,31.0,0.0
user_208,0.0,0.0,54.0,25.0,0.0,0.0,0.0,0.0,12.0,27.0,49.0,0.0,0.0,0.0,0.0,38.0,0.0,0.0,0.0,0.0,0.0,60.0,0.0,0.0,0.0,0.0,0.0,0.0,0.0,0.0,0.0,0.0,0.0,0.0,0.0
user_209,89.0,0.0,0.0,0.0,0.0,0.0,0.0,0.0,51.0,0.0,0.0,0.0,0.0,0.0,0.0,66.0,12.0,96.0,0.0,39.0,0.0,0.0,73.0,0.0,80.0,0.0,0.0,32.0,76.0,0.0,98.0,0.0,0.0,0.0,0.0
user_21,0.0,0.0,0.0,0.0,0.0,17.0,0.0,0.0,0.0,0.0,0.0,0.0,0.0,0.0,58.0,9.0,7.0,40.0,0.0,0.0,0.0,0.0,0.0,9.0,0.0,18.0,0.0,0.0,0.0,0.0,0.0,0.0,0.0,0.0,0.0
user_210,0.0,0.0,22.0,0.0,0.0,56.0,58.0,0.0,10.0,24.0,18.0,0.0,0.0,0.0,0.0,0.0,22.0,0.0,0.0,0.0,0.0,0.0,0.0,96.0,0.0,0.0,0.0,0.0,0.0,0.0,0.0,0.0,45.0,0.0,0.0
user_211,0.0,0.0,0.0,71.0,0.0,16.0,0.0,0.0,0.0,0.0,0.0,0.0,0.0,0.0,68.0,0.0,0.0,17.0,87.0,0.0,0.0,0.0,0.0,0.0,0.0,78.0,0.0,0.0,0.0,0.0,0.0,0.0,0.0,0.0,0.0
user_212,0.0,0.0,0.0,5.0,45.0,0.0,0.0,54.0,0.0,0.0,0.0,72.0,0.0,0.0,84.0,0.0,0.0,0.0,0.0,87.0,91.0,0.0,0.0,0.0,0.0,0.0,29.0,0.0,0.0,0.0,84.0,0.0,0.0,0.0,95.0
user_213,0.0,0.0,0.0,0.0,0.0,84.0,0.0,0.0,0.0,0.0,0.0,91.0,0.0,0.0,51.0,0.0,76.0,0.0,35.0,0.0,0.0,0.0,0.0,3.0,0.0,66.0,0.0,0.0,0.0,20.0,0.0,0.0,0.0,0.0,0.0
user_214,0.0,0.0,0.0,0.0,0.0,0.0,0.0,72.0,52.0,57.0,86.0,0.0,0.0,0.0,0.0,0.0,0.0,83.0,0.0,0.0,0.0,0.0,0.0,0.0,0.0,0.0,0.0,0.0,0.0,0.0,0.0,0.0,0.0,0.0,0.0
user_215,38.0,0.0,43.0,0.0,0.0,0.0,0.0,0.0,0.0,0.0,0.0,0.0,0.0,0.0,64.0,0.0,26.0,0.0,0.0,0.0,0.0,0.0,0.0,0.0,0.0,0.0,0.0,27.0,0.0,0.0,0.0,0.0,0.0,0.0,0.0
user_216,0.0,0.0,0.0,0.0,0.0,0.0,0.0,0.0,0.0,0.0,0.0,0.0,0.0,0.0,0.0,0.0,0.0,0.0,0.0,0.0,0.0,0.0,0.0,0.0,0.0,0.0,0.0,0.0,0.0,0.0,61.0,0.0,0.0,25.0,47.0
user_217,11.0,0.0,0.0,0.0,0.0,0.0,0.0,0.0,0.0,0.0,0.0,0.0,0.0,0.0,0.0,0.0,96.0,0.0,0.0,0.0,0.0,0.0,54.0,0.0,7.0,0.0,87.0,0.0,4.0,0.0,54.0,0.0,0.0,0.0,0.0
user_218,0.0,0.0,30.0,0.0,0.0,0.0,47.0,0.0,64.0,93.0,79.0,38.0,0.0,0.0,7.0,0.0,0.0,0.0,0.0,0.0,41.0,0.0,0.0,0.0,0.0,82.0,0.0,0.0,0.0,0.0,0.0,0.0,51.0,0.0,0.0
user_219,90.0,0.0,0.0,0.0,0.0,43.0,0.0,0.0,0.0,0.0,0.0,0.0,0.0,0.0,0.0,0.0,24.0,0.0,32.0,0.0,0.0,0.0,35.0,0.0,1.0,18.0,0.0,73.0,4.0,36.0,0.0,0.0,0.0,0.0,0.0
user_22,0.0,0.0,0.0,0.0,0.0,0.0,0.0,0.0,0.0,0.0,19.0,61.0,20.0,0.0,0.0,4.0,0.0,54.0,0.0,0.0,70.0,74.0,0.0,0.0,0.0,92.0,0.0,0.0,0.0,0.0,0.0,45.0,0.0,31.0,0.0
user_220,0.0,0.0,0.0,0.0,0.0,0.0,66.0,0.0,18.0,12.0,0.0,0.0,0.0,0.0,1.0,0.0,0.0,0.0,0.0,0.0,0.0,0.0,0.0,0.0,0.0,0.0,0.0,0.0,53.0,0.0,0.0,0.0,0.0,0.0,0.0
user_221,12.0,0.0,0.0,0.0,0.0,0.0,0.0,0.0,0.0,0.0,62.0,0.0,0.0,0.0,0.0,0.0,21.0,0.0,0.0,0.0,15.0,0.0,29.0,0.0,74.0,0.0,0.0,39.0,42.0,0.0,52.0,0.0,0.0,0.0,0.0
user_222,0.0,0.0,88.0,0.0,0.0,44.0,0.0,0.0,95.0,82.0,98.0,0.0,0.0,0.0,85.0,0.0,0.0,0.0,0.0,0.0,0.0,0.0,0.0,0.0,0.0,0.0,0.0,0.0,25.0,0.0,0.0,0.0,11.0,0.0,0.0
user_223,0.0,0.0,0.0,15.0,53.0,6.0,0.0,10.0,0.0,0.0,0.0,0.0,0.0,29.0,0.0,0.0,0.0,0.0,38.0,0.0,0.0,0.0,0.0,0.0,0.0,0.0,74.0,0.0,0.0,0.0,3.0,0.0,0.0,0.0,39.0
user_224,0.0,0.0,0.0,0.0,0.0,67.0,0.0,0.0,0.0,60.0,0.0,0.0,0.0,0.0,0.0,0.0,0.0,71.0,8.0,0.0,0.0,0.0,0.0,0.0,0.0,67.0,0.0,0.0,0.0,0.0,0.0,0.0,0.0,0.0,0.0
user_225,0.0,89.0,0.0,0.0,0.0,0.0,0.0,0.0,0.0,0.0,0.0,0.0,23.0,60.0,0.0,0.0,0.0,0.0,0.0,36.0,0.0,0.0,0.0,0.0,0.0,0.0,0.0,0.0,43.0,0.0,0.0,78.0,6.0,18.0,0.0
user_226,0.0,0.0,0.0,0.0,0.0,0.0,0.0,0.0,47.0,0.0,0.0,8.0,0.0,19.0,45.0,82.0,0.0,13.0,0.0,55.0,67.0,66.0,0.0,77.0,0.0,0.0,0.0,0.0,0.0,0.0,0.0,0.0,0.0,25.0,0.0
user_227,0.0,0.0,0.0,0.0,0.0,26.0,0.0,0.0,0.0,87.0,0.0,0.0,0.0,0.0,19.0,98.0,0.0,0.0,59.0,0.0,0.0,40.0,0.0,49.0,0.0,52.0,0.0,0.0,0.0,0.0,0.0,0.0,0.0,0.0,0.0
user_228,0.0,0.0,91.0,0.0,47.0,0.0,0.0,0.0,0.0,0.0,0.0,77.0,0.0,0.0,0.0,23.0,0.0,82.0,0.0,0.0,21.0,18.0,0.0,0.0,0.0,0.0,42.0,0.0,0.0,48.0,0.0,0.0,9.0,45.0,0.0
user_229,0.0,0.0,0.0,0.0,0.0,75.0,0.0,24.0,0.0,0.0,0.0,0.0,0.0,0.0,25.0,0.0,0.0,0.0,38.0,40.0,0.0,0.0,0.0,41.0,0.0,41.0,0.0,0.0,0.0,0.0,99.0,0.0,0.0,0.0,0.0
user_23,0.0,0.0,0.0,0.0,0.0,61.0,0.0,0.0,0.0,0.0,0.0,0.0,0.0,0.0,80.0,0.0,0.0,0.0,45.0,36.0,0.0,0.0,0.0,58.0,0.0,75.0,0.0,0.0,0.0,19.0,47.0,57.0,0.0,0.0,0.0
user_230,0.0,0.0,73.0,0.0,0.0,0.0,25.0,0.0,23.0,93.0,42.0,0.0,97.0,0.0,0.0,0.0,0.0,0.0,0.0,80.0,0.0,55.0,0.0,0.0,0.0,0.0,0.0,0.0,0.0,0.0,0.0,0.0,89.0,0.0,0.0
user_231,73.0,52.0,0.0,0.0,0.0,0.0,0.0,0.0,0.0,0.0,0.0,0.0,0.0,0.0,0.0,0.0,16.0,0.0,0.0,79.0,0.0,5.0,9.0,0.0,88.0,0.0,0.0,4.0,63.0,0.0,0.0,0.0,0.0,2.0,0.0
user_232,0.0,74.0,0.0,0.0,0.0,36.0,0.0,0.0,0.0,0.0,0.0,0.0,0.0,0.0,11.0,0.0,0.0,0.0,0.0,0.0,0.0,0.0,0.0,42.0,0.0,12.0,0.0,0.0,0.0,0.0,0.0,73.0,0.0,0.0,0.0
user_233,0.0,0.0,0.0,0.0,0.0,0.0,0.0,0.0,0.0,0.0,0.0,0.0,0.0,0.0,0.0,58.0,70.0,0.0,0.0,0.0,0.0,0.0,2.0,0.0,92.0,0.0,82.0,55.0,13.0,0.0,0.0,0.0,0.0,84.0,0.0
user_234,0.0,0.0,0.0,0.0,0.0,0.0,0.0,0.0,0.0,0.0,0.0,7.0,0.0,0.0,0.0,0.0,0.0,49.0,0.0,92.0,16.0,49.0,0.0,0.0,0.0,0.0,0.0,0.0,0.0,0.0,0.0,0.0,17.0,72.0,0.0
user_235,0.0,0.0,0.0,0.0,0.0,46.0,0.0,0.0,0.0,0.0,0.0,0.0,0.0,0.0,3.0,0.0,0.0,0.0,98.0,0.0,0.0,0.0,0.0,26.0,0.0,25.0,0.0,78.0,0.0,0.0,90.0,38.0,0.0,0.0,0.0
user_236,0.0,0.0,0.0,80.0,3.0,0.0,0.0,1.0,0.0,0.0,0.0,75.0,0.0,0.0,0.0,0.0,0.0,0.0,0.0,0.0,0.0,0.0,0.0,63.0,0.0,33.0,35.0,0.0,0.0,0.0,87.0,0.0,0.0,0.0,7.0
user_237,0.0,0.0,0.0,15.0,0.0,50.0,0.0,0.0,0.0,0.0,0.0,0.0,0.0,0.0,79.0,0.0,0.0,0.0,31.0,0.0,0.0,0.0,0.0,24.0,0.0,23.0,0.0,0.0,0.0,0.0,0.0,0.0,36.0,62.0,98.0
user_238,0.0,0.0,0.0,71.0,31.0,0.0,0.0,98.0,0.0,0.0,0.0,0.0,81.0,0.0,0.0,0.0,0.0,0.0,0.0,0.0,0.0,0.0,0.0,0.0,0.0,0.0,0.0,0.0,0.0,0.0,25.0,0.0,54.0,0.0,0.0
user_239,0.0,0.0,0.0,2.0,80.0,0.0,0.0,94.0,0.0,0.0,0.0,57.0,0.0,0.0,64.0,0.0,0.0,0.0,37.0,0.0,0.0,0.0,0.0,0.0,0.0,0.0,85.0,0.0,69.0,0.0,69.0,0.0,0.0,0.0,89.0
user_24,0.0,0.0,0.0,0.0,0.0,0.0,0.0,0.0,0.0,8.0,0.0,0.0,0.0,74.0,0.0,0.0,0.0,0.0,0.0,0.0,0.0,0.0,0.0,0.0,0.0,0.0,0.0,0.0,0.0,24.0,0.0,0.0,0.0,0.0,0.0
user_240,13.0,32.0,0.0,0.0,0.0,0.0,0.0,0.0,0.0,0.0,0.0,0.0,82.0,28.0,0.0,0.0,0.0,0.0,0.0,55.0,0.0,0.0,87.0,0.0,0.0,0.0,0.0,0.0,88.0,43.0,0.0,4.0,60.0,0.0,0.0
user_241,0.0,0.0,0.0,0.0,30.0,0.0,0.0,23.0,0.0,0.0,0.0,0.0,0.0,98.0,0.0,0.0,0.0,0.0,0.0,0.0,0.0,0.0,0.0,0.0,0.0,0.0,0.0,0.0,0.0,0.0,0.0,0.0,0.0,0.0,0.0
user_242,0.0,0.0,0.0,0.0,0.0,0.0,0.0,0.0,52.0,29.0,90.0,0.0,0.0,0.0,0.0,0.0,0.0,0.0,0.0,0.0,0.0,0.0,0.0,0.0,0.0,42.0,0.0,0.0,47.0,0.0,0.0,0.0,0.0,0.0,0.0
user_243,0.0,0.0,0.0,0.0,0.0,0.0,0.0,0.0,0.0,0.0,0.0,84.0,0.0,0.0,0.0,98.0,0.0,99.0,0.0,79.0,22.0,41.0,0.0,0.0,0.0,0.0,0.0,0.0,0.0,31.0,0.0,0.0,17.0,0.0,0.0
user_244,0.0,0.0,0.0,0.0,0.0,0.0,0.0,0.0,79.0,0.0,0.0,53.0,0.0,0.0,0.0,80.0,0.0,61.0,0.0,17.0,91.0,65.0,0.0,0.0,0.0,0.0,53.0,0.0,0.0,0.0,0.0,0.0,0.0,74.0,59.0
user_245,0.0,0.0,0.0,0.0,58.0,0.0,0.0,54.0,0.0,0.0,0.0,0.0,0.0,0.0,0.0,0.0,0.0,0.0,0.0,0.0,0.0,0.0,0.0,97.0,0.0,18.0,70.0,0.0,0.0,0.0,0.0,0.0,0.0,0.0,84.0
user_246,0.0,0.0,0.0,0.0,0.0,2.0,0.0,0.0,0.0,0.0,34.0,41.0,0.0,0.0,79.0,0.0,0.0,0.0,26.0,0.0,0.0,0.0,0.0,87.0,0.0,97.0,0.0,0.0,0.0,0.0,0.0,0.0,0.0,0.0,23.0
user_247,0.0,0.0,0.0,0.0,0.0,0.0,0.0,0.0,0.0,0.0,0.0,0.0,0.0,0.0,0.0,0.0,0.0,0.0,81.0,0.0,0.0,74.0,21.0,0.0,0.0,0.0,0.0,30.0,0.0,0.0,0.0,0.0,0.0,0.0,0.0
user_248,0.0,0.0,0.0,0.0,0.0,0.0,0.0,0.0,0.0,71.0,0.0,0.0,0.0,0.0,0.0,0.0,59.0,0.0,0.0,0.0,0.0,0.0,58.0,0.0,36.0,0.0,0.0,0.0,0.0,0.0,0.0,15.0,0.0,0.0,0.0
user_249,0.0,0.0,96.0,68.0,0.0,0.0,0.0,0.0,62.0,88.0,17.0,0.0,50.0,0.0,0.0,0.0,0.0,0.0,0.0,0.0,0.0,0.0,0.0,0.0,0.0,0.0,0.0,0.0,0.0,0.0,17.0,0.0,57.0,0.0,0.0
user_25,0.0,0.0,63.0,0.0,0.0,92.0,0.0,0.0,64.0,84.0,73.0,0.0,0.0,0.0,0.0,0.0,0.0,0.0,0.0,13.0,0.0,0.0,0.0,0.0,0.0,0.0,0.0,0.0,0.0,0.0,0.0,0.0,0.0,0.0,0.0
user_250,9.0,0.0,0.0,0.0,0.0,0.0,0.0,0.0,0.0,0.0,0.0,14.0,0.0,20.0,0.0,29.0,82.0,0.0,0.0,0.0,17.0,0.0,0.0,0.0,0.0,0.0,0.0,0.0,0.0,0.0,0.0,0.0,0.0,45.0,0.0
user_251,0.0,0.0,0.0,0.0,0.0,0.0,10.0,0.0,0.0,0.0,0.0,33.0,0.0,72.0,0.0,99.0,49.0,7.0,0.0,0.0,19.0,49.0,16.0,0.0,0.0,54.0,0.0,0.0,0.0,0.0,0.0,0.0,0.0,49.0,0.0
user_252,0.0,0.0,26.0,0.0,0.0,0.0,2.0,0.0,30.0,0.0,84.0,0.0,13.0,44.0,0.0,0.0,0.0,0.0,0.0,0.0,0.0,0.0,0.0,0.0,0.0,0.0,0.0,12.0,0.0,0.0,0.0,0.0,52.0,0.0,0.0
user_253,0.0,0.0,55.0,0.0,0.0,0.0,40.0,0.0,59.0,34.0,6.0,0.0,64.0,0.0,0.0,0.0,0.0,0.0,12.0,0.0,0.0,0.0,0.0,94.0,0.0,0.0,0.0,0.0,0.0,0.0,0.0,22.0,78.0,0.0,0.0
user_254,0.0,0.0,0.0,11.0,0.0,0.0,35.0,0.0,0.0,0.0,0.0,15.0,0.0,0.0,0.0,72.0,0.0,37.0,0.0,0.0,93.0,69.0,0.0,0.0,0.0,0.0,0.0,0.0,0.0,0.0,0.0,0.0,0.0,26.0,0.0
user_255,0.0,0.0,42.0,0.0,0.0,0.0,4.0,0.0,85.0,0.0,98.0,81.0,0.0,0.0,0.0,0.0,0.0,0.0,0.0,0.0,2.0,0.0,0.0,0.0,0.0,0.0,0.0,0.0,0.0,69.0,0.0,0.0,12.0,0.0,0.0
user_256,84.0,0.0,0.0,0.0,0.0,0.0,0.0,0.0,0.0,50.0,0.0,0.0,0.0,0.0,0.0,0.0,0.0,0.0,0.0,0.0,0.0,85.0,53.0,0.0,76.0,14.0,0.0,93.0,10.0,0.0,0.0,0.0,0.0,0.0,0.0
user_257,0.0,51.0,0.0,0.0,0.0,0.0,0.0,0.0,0.0,0.0,0.0,0.0,0.0,0.0,0.0,0.0,0.0,0.0,0.0,0.0,38.0,0.0,0.0,0.0,0.0,0.0,0.0,0.0,0.0,6.0,0.0,0.0,0.0,0.0,0.0
user_258,48.0,75.0,0.0,0.0,0.0,0.0,0.0,0.0,0.0,0.0,0.0,0.0,0.0,0.0,0.0,0.0,26.0,0.0,0.0,87.0,0.0,0.0,27.0,0.0,96.0,0.0,0.0,32.0,52.0,0.0,0.0,0.0,0.0,57.0,0.0
user_259,0.0,87.0,66.0,0.0,0.0,0.0,0.0,0.0,0.0,0.0,0.0,0.0,18.0,0.0,0.0,0.0,0.0,90.0,0.0,30.0,0.0,0.0,0.0,0.0,0.0,0.0,0.0,0.0,0.0,53.0,0.0,0.0,0.0,49.0,0.0
user_26,0.0,0.0,0.0,0.0,0.0,5.0,0.0,0.0,0.0,0.0,0.0,0.0,0.0,86.0,11.0,0.0,0.0,0.0,26.0,0.0,0.0,0.0,0.0,65.0,77.0,96.0,0.0,27.0,0.0,0.0,0.0,0.0,0.0,0.0,0.0
user_260,0.0,53.0,0.0,0.0,0.0,0.0,3.0,0.0,0.0,0.0,0.0,0.0,12.0,8.0,0.0,0.0,0.0,0.0,0.0,57.0,0.0,0.0,0.0,0.0,0.0,0.0,0.0,0.0,0.0,26.0,83.0,80.0,58.0,0.0,0.0
user_261,0.0,0.0,0.0,0.0,0.0,0.0,0.0,0.0,90.0,0.0,0.0,0.0,0.0,0.0,0.0,0.0,0.0,0.0,73.0,0.0,0.0,0.0,0.0,0.0,0.0,0.0,0.0,0.0,0.0,0.0,16.0,0.0,7.0,0.0,0.0
user_262,0.0,0.0,91.0,0.0,0.0,85.0,0.0,0.0,0.0,0.0,0.0,0.0,0.0,0.0,0.0,0.0,0.0,0.0,26.0,0.0,0.0,0.0,85.0,15.0,0.0,4.0,0.0,0.0,0.0,0.0,37.0,0.0,0.0,0.0,0.0
user_263,0.0,0.0,0.0,0.0,0.0,0.0,0.0,0.0,0.0,0.0,0.0,69.0,0.0,0.0,0.0,69.0,0.0,0.0,0.0,98.0,56.0,0.0,0.0,0.0,0.0,0.0,0.0,0.0,0.0,0.0,0.0,0.0,0.0,54.0,0.0
user_264,0.0,0.0,0.0,0.0,0.0,0.0,25.0,0.0,98.0,0.0,0.0,0.0,80.0,0.0,0.0,0.0,4.0,0.0,0.0,0.0,0.0,0.0,93.0,0.0,54.0,0.0,0.0,15.0,10.0,0.0,0.0,0.0,0.0,0.0,0.0
user_265,0.0,0.0,0.0,0.0,0.0,0.0,0.0,0.0,0.0,0.0,0.0,0.0,0.0,42.0,78.0,79.0,0.0,0.0,93.0,0.0,0.0,0.0,0.0,45.0,0.0,0.0,0.0,0.0,0.0,0.0,0.0,0.0,0.0,0.0,0.0
user_266,0.0,0.0,49.0,0.0,0.0,0.0,0.0,0.0,73.0,42.0,49.0,0.0,0.0,0.0,0.0,49.0,0.0,0.0,0.0,0.0,43.0,0.0,0.0,0.0,0.0,0.0,0.0,0.0,71.0,0.0,0.0,0.0,0.0,0.0,0.0
user_267,0.0,95.0,0.0,0.0,0.0,0.0,0.0,0.0,0.0,84.0,0.0,19.0,56.0,87.0,0.0,0.0,0.0,0.0,0.0,55.0,0.0,0.0,0.0,16.0,0.0,0.0,0.0,37.0,0.0,31.0,0.0,49.0,21.0,0.0,0.0
user_268,0.0,0.0,0.0,0.0,0.0,69.0,0.0,0.0,0.0,0.0,0.0,0.0,0.0,0.0,0.0,0.0,96.0,0.0,0.0,0.0,0.0,0.0,68.0,0.0,69.0,41.0,0.0,0.0,34.0,0.0,0.0,0.0,0.0,0.0,0.0
user_269,61.0,0.0,0.0,0.0,0.0,0.0,0.0,0.0,0.0,0.0,0.0,0.0,0.0,0.0,0.0,0.0,57.0,0.0,0.0,13.0,0.0,0.0,9.0,0.0,63.0,0.0,36.0,50.0,69.0,0.0,43.0,62.0,0.0,0.0,0.0
user_27,37.0,0.0,0.0,0.0,0.0,0.0,0.0,0.0,0.0,0.0,92.0,0.0,0.0,0.0,0.0,0.0,78.0,0.0,0.0,0.0,0.0,0.0,74.0,0.0,45.0,4.0,0.0,17.0,1.0,0.0,0.0,0.0,0.0,0.0,32.0
user_270,0.0,0.0,93.0,0.0,0.0,52.0,47.0,0.0,3.0,21.0,97.0,0.0,0.0,0.0,0.0,0.0,0.0,40.0,0.0,0.0,0.0,0.0,0.0,25.0,0.0,55.0,0.0,0.0,0.0,0.0,0.0,0.0,21.0,0.0,0.0
user_271,0.0,0.0,0.0,0.0,0.0,0.0,0.0,0.0,0.0,0.0,0.0,0.0,0.0,0.0,0.0,0.0,0.0,66.0,81.0,0.0,0.0,0.0,0.0,0.0,0.0,87.0,83.0,0.0,0.0,0.0,0.0,0.0,0.0,0.0,0.0
user_272,68.0,0.0,0.0,0.0,0.0,0.0,0.0,0.0,0.0,0.0,0.0,0.0,18.0,0.0,51.0,0.0,4.0,57.0,0.0,0.0,73.0,0.0,71.0,0.0,40.0,0.0,0.0,39.0,69.0,0.0,0.0,0.0,0.0,0.0,0.0
user_273,0.0,0.0,0.0,0.0,0.0,0.0,24.0,0.0,0.0,0.0,0.0,0.0,0.0,0.0,0.0,0.0,0.0,0.0,0.0,83.0,0.0,0.0,0.0,0.0,0.0,0.0,0.0,0.0,0.0,0.0,0.0,0.0,35.0,0.0,0.0
user_274,0.0,18.0,71.0,0.0,0.0,0.0,0.0,0.0,0.0,38.0,0.0,0.0,0.0,93.0,0.0,0.0,0.0,0.0,18.0,39.0,0.0,0.0,0.0,0.0,0.0,0.0,0.0,0.0,0.0,0.0,0.0,44.0,0.0,0.0,0.0
user_275,0.0,95.0,0.0,0.0,0.0,0.0,0.0,0.0,0.0,0.0,0.0,0.0,1.0,79.0,0.0,79.0,0.0,0.0,0.0,78.0,0.0,0.0,0.0,50.0,0.0,12.0,0.0,0.0,0.0,5.0,0.0,38.0,0.0,0.0,0.0
user_276,0.0,0.0,0.0,0.0,0.0,0.0,51.0,0.0,0.0,0.0,0.0,0.0,0.0,0.0,0.0,0.0,70.0,0.0,0.0,0.0,0.0,0.0,45.0,0.0,0.0,0.0,0.0,0.0,0.0,0.0,0.0,0.0,0.0,0.0,0.0
user_277,0.0,0.0,66.0,0.0,0.0,77.0,0.0,0.0,7.0,48.0,52.0,0.0,0.0,0.0,0.0,0.0,0.0,9.0,0.0,0.0,0.0,0.0,0.0,0.0,69.0,0.0,0.0,0.0,0.0,0.0,0.0,0.0,10.0,0.0,0.0
user_278,0.0,0.0,0.0,0.0,0.0,36.0,0.0,0.0,0.0,0.0,0.0,0.0,77.0,0.0,27.0,0.0,0.0,0.0,89.0,0.0,0.0,0.0,0.0,99.0,0.0,68.0,0.0,0.0,0.0,0.0,0.0,0.0,0.0,2.0,0.0
user_279,0.0,0.0,35.0,0.0,0.0,56.0,57.0,0.0,53.0,41.0,74.0,0.0,0.0,0.0,0.0,5.0,0.0,0.0,11.0,0.0,0.0,0.0,0.0,0.0,0.0,0.0,0.0,0.0,0.0,0.0,0.0,0.0,12.0,0.0,0.0
user_28,0.0,0.0,0.0,0.0,0.0,0.0,0.0,0.0,38.0,0.0,0.0,0.0,98.0,0.0,0.0,85.0,0.0,0.0,0.0,0.0,75.0,0.0,0.0,0.0,0.0,0.0,0.0,0.0,0.0,0.0,0.0,0.0,0.0,0.0,0.0
user_280,0.0,0.0,0.0,0.0,0.0,0.0,0.0,0.0,0.0,0.0,0.0,70.0,0.0,0.0,0.0,45.0,0.0,86.0,0.0,49.0,23.0,70.0,93.0,0.0,0.0,89.0,0.0,0.0,0.0,0.0,0.0,0.0,0.0,71.0,0.0
user_281,0.0,98.0,0.0,0.0,0.0,0.0,69.0,0.0,0.0,0.0,0.0,0.0,2.0,0.0,0.0,53.0,0.0,0.0,0.0,82.0,0.0,0.0,0.0,0.0,0.0,0.0,0.0,0.0,0.0,48.0,0.0,16.0,0.0,0.0,41.0
user_282,0.0,0.0,9.0,0.0,0.0,0.0,48.0,0.0,98.0,15.0,54.0,0.0,0.0,0.0,0.0,0.0,3.0,0.0,0.0,0.0,11.0,51.0,0.0,0.0,0.0,0.0,0.0,0.0,0.0,0.0,0.0,0.0,69.0,0.0,0.0
user_283,0.0,31.0,2.0,64.0,35.0,0.0,0.0,43.0,0.0,0.0,0.0,0.0,0.0,0.0,0.0,0.0,0.0,0.0,0.0,0.0,0.0,0.0,0.0,0.0,69.0,0.0,67.0,0.0,0.0,0.0,2.0,0.0,0.0,0.0,1.0
user_284,47.0,80.0,0.0,0.0,0.0,0.0,0.0,0.0,0.0,0.0,0.0,0.0,0.0,0.0,0.0,0.0,3.0,21.0,0.0,0.0,58.0,0.0,15.0,0.0,16.0,0.0,0.0,26.0,16.0,0.0,0.0,0.0,0.0,0.0,38.0
user_285,0.0,0.0,0.0,37.0,15.0,0.0,0.0,93.0,0.0,0.0,0.0,0.0,0.0,0.0,93.0,0.0,0.0,0.0,0.0,0.0,0.0,0.0,0.0,48.0,0.0,0.0,84.0,97.0,73.0,0.0,10.0,0.0,0.0,0.0,80.0
user_286,0.0,0.0,0.0,0.0,25.0,42.0,0.0,0.0,0.0,87.0,0.0,46.0,0.0,0.0,0.0,27.0,0.0,27.0,0.0,0.0,7.0,25.0,0.0,0.0,0.0,0.0,0.0,0.0,0.0,0.0,0.0,0.0,0.0,36.0,0.0
user_287,0.0,0.0,0.0,0.0,0.0,45.0,0.0,0.0,0.0,0.0,0.0,81.0,0.0,0.0,0.0,20.0,0.0,0.0,0.0,0.0,1.0,94.0,3.0,0.0,0.0,0.0,0.0,0.0,0.0,0.0,0.0,0.0,0.0,65.0,0.0
user_288,0.0,0.0,0.0,0.0,0.0,79.0,0.0,0.0,0.0,0.0,0.0,0.0,0.0,0.0,0.0,0.0,0.0,0.0,0.0,0.0,65.0,0.0,0.0,0.0,0.0,98.0,0.0,0.0,0.0,0.0,0.0,0.0,0.0,0.0,0.0
user_289,0.0,0.0,0.0,0.0,0.0,0.0,48.0,0.0,0.0,0.0,0.0,76.0,0.0,0.0,0.0,0.0,0.0,0.0,0.0,0.0,26.0,39.0,0.0,0.0,0.0,0.0,0.0,0.0,71.0,0.0,0.0,0.0,0.0,50.0,0.0
user_29,0.0,0.0,0.0,0.0,0.0,0.0,0.0,0.0,0.0,0.0,0.0,0.0,0.0,0.0,0.0,0.0,0.0,0.0,0.0,4.0,0.0,0.0,51.0,0.0,0.0,5.0,0.0,0.0,30.0,0.0,0.0,0.0,0.0,0.0,0.0
user_290,0.0,0.0,80.0,0.0,0.0,0.0,55.0,0.0,0.0,0.0,0.0,0.0,0.0,0.0,83.0,0.0,0.0,0.0,0.0,0.0,0.0,0.0,0.0,0.0,0.0,69.0,0.0,0.0,0.0,0.0,0.0,0.0,0.0,0.0,0.0
user_291,0.0,0.0,0.0,54.0,82.0,0.0,0.0,21.0,0.0,85.0,31.0,0.0,0.0,0.0,0.0,0.0,0.0,0.0,0.0,0.0,0.0,0.0,0.0,0.0,0.0,0.0,18.0,0.0,0.0,0.0,80.0,0.0,0.0,0.0,44.0
user_292,0.0,58.0,0.0,0.0,0.0,0.0,0.0,0.0,84.0,0.0,0.0,0.0,0.0,0.0,0.0,0.0,0.0,0.0,0.0,0.0,0.0,0.0,0.0,0.0,0.0,0.0,0.0,0.0,0.0,99.0,0.0,0.0,0.0,0.0,0.0
user_293,0.0,0.0,0.0,0.0,0.0,0.0,0.0,0.0,0.0,0.0,0.0,9.0,0.0,0.0,78.0,18.0,0.0,43.0,0.0,0.0,33.0,69.0,0.0,62.0,0.0,0.0,15.0,0.0,0.0,0.0,29.0,0.0,0.0,32.0,0.0
user_294,0.0,0.0,89.0,0.0,0.0,20.0,0.0,0.0,0.0,0.0,0.0,0.0,0.0,0.0,64.0,77.0,0.0,0.0,0.0,0.0,0.0,0.0,0.0,62.0,0.0,82.0,0.0,0.0,0.0,0.0,0.0,0.0,0.0,0.0,0.0
user_295,0.0,0.0,0.0,9.0,0.0,32.0,0.0,0.0,0.0,0.0,0.0,0.0,0.0,0.0,0.0,0.0,0.0,0.0,0.0,0.0,0.0,0.0,0.0,0.0,0.0,0.0,0.0,0.0,0.0,0.0,0.0,0.0,0.0,0.0,31.0
user_296,0.0,0.0,0.0,62.0,0.0,0.0,0.0,0.0,0.0,0.0,0.0,0.0,0.0,0.0,0.0,0.0,0.0,0.0,0.0,0.0,0.0,0.0,0.0,0.0,0.0,13.0,46.0,0.0,25.0,0.0,0.0,0.0,0.0,0.0,26.0
user_297,0.0,0.0,0.0,0.0,0.0,0.0,0.0,0.0,0.0,0.0,0.0,13.0,0.0,0.0,0.0,69.0,0.0,56.0,0.0,0.0,89.0,30.0,24.0,26.0,0.0,0.0,0.0,0.0,0.0,0.0,70.0,0.0,0.0,44.0,0.0
user_298,0.0,0.0,46.0,0.0,0.0,0.0,57.0,0.0,20.0,30.0,22.0,0.0,0.0,0.0,0.0,0.0,87.0,0.0,0.0,0.0,0.0,0.0,75.0,40.0,19.0,0.0,0.0,0.0,0.0,0.0,0.0,0.0,59.0,0.0,0.0
user_299,0.0,0.0,0.0,0.0,0.0,0.0,0.0,0.0,0.0,0.0,92.0,0.0,0.0,0.0,0.0,96.0,0.0,16.0,0.0,0.0,0.0,0.0,0.0,0.0,0.0,0.0,0.0,0.0,0.0,72.0,0.0,0.0,0.0,83.0,0.0
user_3,0.0,0.0,0.0,14.0,24.0,0.0,60.0,82.0,0.0,0.0,0.0,0.0,0.0,0.0,0.0,0.0,0.0,0.0,0.0,0.0,0.0,0.0,89.0,0.0,0.0,0.0,62.0,41.0,0.0,0.0,0.0,0.0,0.0,0.0,80.0
user_30,0.0,23.0,21.0,0.0,61.0,0.0,0.0,0.0,0.0,0.0,0.0,0.0,67.0,16.0,0.0,0.0,0.0,0.0,0.0,27.0,0.0,0.0,0.0,0.0,0.0,0.0,0.0,0.0,0.0,32.0,51.0,4.0,0.0,0.0,0.0
user_300,0.0,0.0,0.0,0.0,0.0,0.0,0.0,18.0,0.0,0.0,0.0,0.0,0.0,0.0,33.0,0.0,0.0,0.0,0.0,0.0,0.0,0.0,0.0,23.0,0.0,0.0,0.0,0.0,0.0,0.0,0.0,0.0,0.0,0.0,0.0
user_301,0.0,0.0,0.0,0.0,0.0,58.0,0.0,0.0,0.0,0.0,0.0,0.0,0.0,0.0,62.0,0.0,0.0,0.0,72.0,0.0,0.0,0.0,89.0,27.0,0.0,74.0,0.0,23.0,99.0,39.0,0.0,0.0,0.0,0.0,0.0
user_302,0.0,0.0,0.0,0.0,94.0,34.0,0.0,0.0,0.0,0.0,0.0,0.0,0.0,0.0,59.0,0.0,0.0,0.0,82.0,76.0,0.0,69.0,0.0,3.0,0.0,19.0,0.0,0.0,67.0,0.0,0.0,0.0,0.0,0.0,0.0
user_303,0.0,0.0,0.0,67.0,0.0,0.0,0.0,0.0,0.0,0.0,0.0,43.0,0.0,0.0,78.0,95.0,26.0,38.0,0.0,0.0,15.0,2.0,0.0,0.0,0.0,0.0,0.0,48.0,0.0,0.0,0.0,0.0,0.0,49.0,0.0
user_304,0.0,0.0,0.0,40.0,46.0,0.0,0.0,28.0,0.0,66.0,0.0,0.0,0.0,0.0,11.0,0.0,0.0,0.0,0.0,0.0,0.0,0.0,0.0,0.0,99.0,0.0,76.0,0.0,0.0,9.0,3.0,0.0,0.0,0.0,17.0
user_305,0.0,25.0,0.0,0.0,21.0,0.0,0.0,0.0,0.0,0.0,0.0,0.0,0.0,61.0,0.0,0.0,0.0,0.0,0.0,0.0,0.0,32.0,0.0,0.0,0.0,0.0,5.0,0.0,0.0,0.0,45.0,0.0,0.0,0.0,93.0
user_306,0.0,0.0,0.0,31.0,76.0,72.0,0.0,57.0,0.0,0.0,0.0,0.0,0.0,0.0,0.0,76.0,0.0,0.0,0.0,0.0,0.0,0.0,0.0,0.0,0.0,0.0,88.0,0.0,0.0,16.0,53.0,0.0,0.0,84.0,98.0
user_307,0.0,0.0,0.0,0.0,0.0,15.0,0.0,60.0,7.0,0.0,0.0,0.0,0.0,0.0,63.0,0.0,0.0,0.0,74.0,0.0,0.0,90.0,90.0,86.0,0.0,49.0,0.0,0.0,0.0,0.0,0.0,0.0,0.0,0.0,0.0
user_308,0.0,54.0,0.0,0.0,0.0,82.0,0.0,0.0,0.0,0.0,0.0,0.0,0.0,0.0,20.0,0.0,0.0,0.0,53.0,0.0,0.0,0.0,0.0,81.0,0.0,14.0,33.0,0.0,0.0,18.0,0.0,0.0,0.0,0.0,0.0
user_309,0.0,0.0,6.0,0.0,0.0,0.0,0.0,0.0,0.0,0.0,0.0,94.0,0.0,0.0,0.0,16.0,17.0,16.0,43.0,0.0,35.0,61.0,0.0,0.0,0.0,21.0,0.0,0.0,0.0,0.0,0.0,0.0,0.0,80.0,0.0
user_31,47.0,0.0,0.0,0.0,0.0,0.0,0.0,0.0,0.0,0.0,0.0,36.0,0.0,0.0,0.0,0.0,0.0,8.0,0.0,0.0,81.0,0.0,26.0,0.0,27.0,0.0,0.0,86.0,63.0,0.0,0.0,0.0,0.0,0.0,0.0
user_310,0.0,0.0,26.0,0.0,63.0,0.0,95.0,0.0,31.0,54.0,14.0,0.0,0.0,0.0,0.0,0.0,0.0,0.0,0.0,0.0,0.0,0.0,0.0,0.0,0.0,0.0,0.0,0.0,0.0,14.0,58.0,0.0,47.0,96.0,0.0
user_311,0.0,53.0,0.0,0.0,0.0,0.0,0.0,0.0,0.0,0.0,0.0,37.0,31.0,94.0,26.0,0.0,0.0,0.0,2.0,12.0,0.0,0.0,0.0,0.0,0.0,0.0,0.0,0.0,0.0,99.0,0.0,63.0,15.0,0.0,0.0
user_312,0.0,0.0,63.0,0.0,0.0,0.0,0.0,0.0,14.0,18.0,99.0,0.0,0.0,0.0,0.0,0.0,0.0,53.0,76.0,0.0,0.0,0.0,0.0,0.0,0.0,0.0,0.0,0.0,0.0,0.0,0.0,0.0,99.0,0.0,0.0
user_313,0.0,0.0,0.0,0.0,0.0,18.0,0.0,81.0,0.0,95.0,0.0,0.0,0.0,0.0,72.0,0.0,6.0,0.0,35.0,0.0,0.0,0.0,0.0,21.0,0.0,92.0,0.0,0.0,0.0,0.0,0.0,0.0,0.0,0.0,0.0
user_314,0.0,0.0,0.0,0.0,0.0,0.0,0.0,0.0,0.0,70.0,0.0,0.0,0.0,0.0,0.0,0.0,0.0,0.0,0.0,0.0,0.0,0.0,0.0,82.0,0.0,0.0,0.0,0.0,0.0,0.0,0.0,24.0,88.0,0.0,0.0
user_315,0.0,0.0,0.0,0.0,91.0,0.0,0.0,0.0,0.0,0.0,0.0,92.0,0.0,0.0,0.0,93.0,0.0,28.0,0.0,0.0,0.0,82.0,0.0,53.0,0.0,0.0,0.0,0.0,0.0,0.0,0.0,0.0,5.0,35.0,0.0
user_316,0.0,4.0,0.0,0.0,69.0,0.0,0.0,0.0,0.0,0.0,0.0,0.0,82.0,0.0,0.0,0.0,0.0,0.0,0.0,0.0,0.0,0.0,0.0,25.0,0.0,0.0,0.0,0.0,0.0,0.0,0.0,0.0,0.0,0.0,0.0
user_317,0.0,78.0,78.0,0.0,0.0,0.0,39.0,0.0,82.0,25.0,25.0,0.0,0.0,0.0,0.0,0.0,0.0,74.0,0.0,0.0,0.0,85.0,19.0,0.0,0.0,0.0,0.0,0.0,0.0,0.0,0.0,0.0,48.0,0.0,0.0
user_318,94.0,0.0,0.0,0.0,0.0,0.0,73.0,0.0,0.0,0.0,0.0,0.0,0.0,0.0,93.0,0.0,40.0,0.0,0.0,0.0,0.0,0.0,93.0,0.0,0.0,0.0,0.0,0.0,0.0,0.0,0.0,0.0,0.0,0.0,0.0
user_319,0.0,0.0,42.0,0.0,0.0,17.0,0.0,0.0,0.0,0.0,0.0,0.0,0.0,0.0,0.0,0.0,0.0,0.0,0.0,0.0,0.0,0.0,0.0,0.0,33.0,0.0,0.0,1.0,0.0,0.0,0.0,0.0,0.0,0.0,0.0
user_32,0.0,0.0,0.0,0.0,0.0,0.0,0.0,0.0,0.0,0.0,0.0,59.0,0.0,0.0,0.0,23.0,38.0,7.0,0.0,0.0,0.0,0.0,0.0,0.0,0.0,0.0,0.0,15.0,0.0,0.0,0.0,0.0,0.0,18.0,0.0
user_320,0.0,40.0,0.0,0.0,0.0,0.0,0.0,0.0,0.0,0.0,0.0,0.0,46.0,91.0,0.0,0.0,0.0,0.0,96.0,35.0,0.0,0.0,0.0,0.0,17.0,0.0,0.0,0.0,0.0,48.0,0.0,46.0,0.0,0.0,0.0
user_321,0.0,0.0,0.0,20.0,13.0,49.0,0.0,67.0,0.0,0.0,0.0,39.0,0.0,0.0,0.0,0.0,0.0,0.0,25.0,0.0,0.0,0.0,0.0,0.0,0.0,0.0,12.0,11.0,0.0,0.0,73.0,0.0,0.0,0.0,46.0
user_322,12.0,0.0,0.0,0.0,0.0,0.0,0.0,0.0,0.0,0.0,62.0,0.0,0.0,0.0,73.0,0.0,80.0,0.0,0.0,0.0,0.0,0.0,58.0,98.0,75.0,0.0,0.0,64.0,55.0,0.0,0.0,0.0,0.0,0.0,0.0
user_323,31.0,0.0,54.0,0.0,0.0,12.0,0.0,0.0,0.0,0.0,0.0,0.0,0.0,0.0,15.0,0.0,0.0,0.0,20.0,0.0,0.0,0.0,0.0,25.0,0.0,73.0,0.0,0.0,0.0,0.0,0.0,0.0,0.0,0.0,85.0
user_324,0.0,0.0,0.0,0.0,0.0,8.0,0.0,0.0,0.0,0.0,0.0,90.0,0.0,0.0,93.0,0.0,0.0,0.0,81.0,93.0,20.0,0.0,0.0,76.0,0.0,64.0,0.0,8.0,0.0,0.0,0.0,0.0,0.0,0.0,80.0
user_325,20.0,0.0,96.0,0.0,0.0,0.0,82.0,0.0,10.0,62.0,54.0,0.0,0.0,0.0,0.0,0.0,0.0,0.0,0.0,0.0,0.0,58.0,0.0,0.0,0.0,76.0,0.0,92.0,0.0,0.0,0.0,0.0,86.0,23.0,0.0
user_326,0.0,44.0,0.0,0.0,38.0,71.0,0.0,0.0,0.0,0.0,0.0,0.0,0.0,0.0,61.0,0.0,0.0,0.0,34.0,0.0,0.0,0.0,0.0,62.0,34.0,54.0,0.0,0.0,0.0,0.0,0.0,0.0,0.0,0.0,0.0
user_327,0.0,0.0,63.0,0.0,0.0,0.0,0.0,59.0,0.0,0.0,0.0,0.0,0.0,0.0,0.0,0.0,0.0,0.0,0.0,0.0,0.0,0.0,0.0,0.0,0.0,0.0,49.0,0.0,0.0,0.0,0.0,0.0,0.0,0.0,0.0
user_328,52.0,0.0,0.0,0.0,0.0,12.0,0.0,0.0,0.0,0.0,0.0,64.0,0.0,0.0,0.0,47.0,0.0,40.0,0.0,0.0,0.0,53.0,0.0,0.0,0.0,0.0,39.0,0.0,0.0,0.0,0.0,0.0,0.0,67.0,0.0
user_329,24.0,0.0,0.0,0.0,0.0,0.0,0.0,0.0,0.0,0.0,0.0,39.0,0.0,0.0,0.0,0.0,73.0,0.0,0.0,0.0,0.0,0.0,71.0,0.0,71.0,13.0,0.0,92.0,35.0,0.0,12.0,0.0,0.0,0.0,0.0
user_33,0.0,0.0,0.0,0.0,0.0,67.0,70.0,0.0,6.0,0.0,0.0,0.0,26.0,0.0,8.0,0.0,0.0,0.0,83.0,0.0,0.0,0.0,0.0,18.0,0.0,86.0,0.0,41.0,0.0,0.0,0.0,0.0,0.0,0.0,0.0
user_330,0.0,0.0,0.0,0.0,0.0,0.0,0.0,0.0,0.0,0.0,21.0,0.0,0.0,0.0,0.0,0.0,19.0,0.0,0.0,0.0,16.0,0.0,0.0,0.0,0.0,0.0,0.0,0.0,0.0,0.0,0.0,0.0,0.0,37.0,0.0
user_331,0.0,68.0,0.0,0.0,66.0,70.0,0.0,0.0,0.0,0.0,0.0,0.0,0.0,0.0,0.0,0.0,0.0,0.0,0.0,0.0,0.0,0.0,0.0,29.0,0.0,0.0,0.0,0.0,0.0,0.0,0.0,0.0,0.0,0.0,0.0
user_332,0.0,0.0,0.0,97.0,0.0,0.0,0.0,6.0,0.0,0.0,0.0,0.0,0.0,0.0,0.0,0.0,0.0,0.0,0.0,0.0,0.0,0.0,0.0,0.0,0.0,0.0,0.0,0.0,0.0,10.0,0.0,0.0,0.0,0.0,0.0
user_333,0.0,0.0,0.0,0.0,0.0,0.0,36.0,0.0,0.0,0.0,0.0,0.0,0.0,0.0,0.0,78.0,0.0,0.0,0.0,0.0,0.0,17.0,0.0,0.0,0.0,0.0,0.0,0.0,0.0,0.0,0.0,0.0,0.0,0.0,0.0
user_334,55.0,0.0,0.0,0.0,0.0,0.0,0.0,46.0,0.0,0.0,0.0,0.0,0.0,0.0,0.0,0.0,0.0,0.0,0.0,0.0,0.0,0.0,33.0,29.0,89.0,0.0,0.0,81.0,0.0,0.0,0.0,0.0,0.0,0.0,8.0
user_335,0.0,0.0,0.0,0.0,0.0,0.0,0.0,0.0,0.0,0.0,0.0,0.0,77.0,0.0,0.0,0.0,0.0,0.0,0.0,5.0,0.0,78.0,0.0,0.0,63.0,0.0,0.0,0.0,0.0,0.0,0.0,13.0,0.0,0.0,0.0
user_336,0.0,0.0,0.0,64.0,87.0,0.0,0.0,0.0,0.0,0.0,0.0,0.0,0.0,0.0,0.0,0.0,0.0,0.0,0.0,0.0,0.0,0.0,0.0,0.0,0.0,74.0,57.0,0.0,0.0,98.0,0.0,0.0,0.0,0.0,0.0
user_337,0.0,0.0,79.0,0.0,0.0,0.0,65.0,0.0,22.0,0.0,88.0,0.0,70.0,0.0,0.0,0.0,0.0,0.0,0.0,0.0,0.0,88.0,0.0,0.0,0.0,0.0,0.0,0.0,0.0,0.0,65.0,0.0,72.0,0.0,0.0
user_338,0.0,0.0,0.0,41.0,0.0,0.0,0.0,0.0,0.0,0.0,0.0,0.0,0.0,0.0,0.0,0.0,0.0,0.0,0.0,0.0,0.0,0.0,31.0,0.0,0.0,0.0,52.0,0.0,0.0,0.0,56.0,0.0,0.0,10.0,13.0
user_339,47.0,0.0,0.0,0.0,0.0,0.0,0.0,0.0,0.0,0.0,84.0,0.0,0.0,0.0,0.0,0.0,82.0,0.0,0.0,0.0,71.0,0.0,71.0,43.0,0.0,0.0,0.0,88.0,50.0,0.0,0.0,0.0,0.0,0.0,0.0
user_34,0.0,62.0,0.0,0.0,0.0,0.0,0.0,0.0,0.0,0.0,0.0,0.0,0.0,0.0,31.0,0.0,0.0,0.0,0.0,0.0,0.0,0.0,0.0,0.0,0.0,0.0,0.0,0.0,0.0,3.0,0.0,0.0,0.0,0.0,0.0
user_340,0.0,0.0,0.0,0.0,0.0,24.0,0.0,24.0,0.0,0.0,80.0,0.0,0.0,0.0,1.0,0.0,95.0,0.0,69.0,0.0,0.0,0.0,0.0,20.0,0.0,24.0,0.0,0.0,0.0,0.0,0.0,0.0,66.0,0.0,0.0
user_341,0.0,1.0,0.0,91.0,0.0,0.0,0.0,0.0,0.0,22.0,0.0,0.0,94.0,10.0,0.0,0.0,0.0,0.0,0.0,14.0,0.0,0.0,2.0,0.0,0.0,0.0,0.0,0.0,0.0,47.0,0.0,32.0,0.0,30.0,0.0
user_342,0.0,0.0,0.0,68.0,40.0,0.0,0.0,0.0,0.0,22.0,0.0,0.0,0.0,0.0,0.0,0.0,0.0,0.0,0.0,0.0,0.0,0.0,0.0,0.0,0.0,0.0,0.0,0.0,0.0,0.0,0.0,0.0,0.0,0.0,0.0
user_343,0.0,0.0,74.0,0.0,0.0,0.0,30.0,0.0,60.0,86.0,81.0,0.0,0.0,0.0,0.0,0.0,0.0,77.0,0.0,0.0,77.0,0.0,0.0,0.0,0.0,0.0,37.0,0.0,0.0,0.0,0.0,0.0,33.0,0.0,88.0
user_344,0.0,63.0,0.0,0.0,60.0,0.0,0.0,0.0,0.0,0.0,0.0,0.0,22.0,57.0,70.0,0.0,0.0,0.0,0.0,25.0,0.0,0.0,49.0,0.0,0.0,0.0,51.0,0.0,0.0,6.0,0.0,87.0,0.0,0.0,0.0
user_345,29.0,0.0,0.0,0.0,0.0,65.0,0.0,20.0,0.0,0.0,0.0,0.0,0.0,0.0,0.0,0.0,39.0,0.0,0.0,0.0,0.0,0.0,10.0,87.0,42.0,0.0,0.0,1.0,80.0,0.0,0.0,0.0,0.0,60.0,0.0
user_346,17.0,0.0,0.0,0.0,0.0,50.0,0.0,0.0,0.0,0.0,0.0,0.0,0.0,0.0,0.0,0.0,98.0,0.0,0.0,0.0,64.0,0.0,28.0,0.0,14.0,73.0,8.0,61.0,96.0,0.0,0.0,0.0,0.0,0.0,0.0
user_347,0.0,0.0,0.0,0.0,54.0,0.0,0.0,0.0,0.0,0.0,0.0,0.0,0.0,0.0,0.0,0.0,0.0,0.0,0.0,0.0,0.0,0.0,0.0,0.0,0.0,25.0,0.0,0.0,0.0,0.0,4.0,0.0,0.0,0.0,0.0
user_348,0.0,44.0,0.0,0.0,0.0,0.0,0.0,0.0,0.0,0.0,0.0,0.0,46.0,19.0,0.0,0.0,0.0,0.0,0.0,0.0,0.0,11.0,0.0,0.0,0.0,20.0,0.0,0.0,0.0,72.0,0.0,13.0,0.0,0.0,0.0
user_349,19.0,0.0,0.0,0.0,0.0,19.0,56.0,0.0,0.0,0.0,0.0,0.0,0.0,0.0,0.0,0.0,51.0,0.0,0.0,0.0,0.0,0.0,75.0,0.0,90.0,0.0,0.0,70.0,78.0,0.0,42.0,75.0,0.0,0.0,0.0
user_35,0.0,0.0,51.0,0.0,0.0,0.0,70.0,0.0,79.0,44.0,8.0,0.0,0.0,12.0,0.0,0.0,0.0,0.0,0.0,0.0,20.0,0.0,0.0,0.0,0.0,0.0,0.0,0.0,0.0,0.0,0.0,84.0,68.0,0.0,0.0
user_350,0.0,0.0,32.0,74.0,0.0,0.0,41.0,0.0,96.0,72.0,28.0,0.0,99.0,0.0,0.0,0.0,0.0,0.0,0.0,65.0,0.0,0.0,0.0,0.0,0.0,0.0,0.0,0.0,0.0,0.0,0.0,0.0,31.0,0.0,0.0
user_351,0.0,8.0,0.0,0.0,67.0,0.0,0.0,0.0,0.0,0.0,19.0,82.0,0.0,0.0,0.0,42.0,0.0,63.0,0.0,0.0,20.0,49.0,0.0,0.0,0.0,0.0,0.0,0.0,0.0,0.0,0.0,0.0,0.0,0.0,0.0
user_352,0.0,0.0,0.0,0.0,0.0,0.0,0.0,0.0,0.0,0.0,0.0,0.0,0.0,0.0,0.0,0.0,0.0,0.0,0.0,0.0,0.0,0.0,0.0,53.0,0.0,0.0,0.0,0.0,0.0,0.0,37.0,0.0,0.0,0.0,20.0
user_353,0.0,0.0,77.0,0.0,0.0,0.0,73.0,88.0,77.0,77.0,68.0,0.0,0.0,0.0,58.0,0.0,0.0,0.0,0.0,0.0,0.0,0.0,0.0,77.0,0.0,0.0,0.0,0.0,0.0,0.0,0.0,0.0,76.0,0.0,0.0
user_354,8.0,0.0,0.0,0.0,49.0,0.0,0.0,33.0,0.0,0.0,0.0,0.0,0.0,0.0,0.0,0.0,16.0,0.0,0.0,0.0,0.0,0.0,12.0,0.0,81.0,0.0,0.0,3.0,47.0,49.0,92.0,0.0,0.0,0.0,0.0
user_355,0.0,0.0,98.0,0.0,0.0,83.0,0.0,0.0,0.0,0.0,0.0,0.0,0.0,0.0,54.0,0.0,0.0,0.0,22.0,0.0,0.0,0.0,0.0,33.0,0.0,89.0,0.0,0.0,0.0,0.0,87.0,46.0,0.0,0.0,0.0
user_356,0.0,0.0,0.0,0.0,0.0,5.0,76.0,0.0,0.0,0.0,0.0,0.0,0.0,37.0,49.0,0.0,0.0,0.0,67.0,0.0,15.0,0.0,0.0,27.0,0.0,91.0,0.0,0.0,0.0,0.0,0.0,57.0,0.0,0.0,0.0
user_357,0.0,63.0,0.0,0.0,0.0,0.0,0.0,0.0,0.0,20.0,44.0,0.0,9.0,40.0,10.0,0.0,33.0,0.0,0.0,81.0,0.0,0.0,0.0,0.0,0.0,0.0,0.0,0.0,0.0,79.0,0.0,65.0,0.0,0.0,0.0
user_358,0.0,23.0,0.0,0.0,0.0,99.0,0.0,0.0,5.0,0.0,59.0,0.0,0.0,0.0,81.0,0.0,0.0,0.0,96.0,0.0,0.0,0.0,0.0,14.0,0.0,50.0,0.0,0.0,0.0,0.0,0.0,94.0,0.0,0.0,0.0
user_359,0.0,72.0,0.0,87.0,0.0,0.0,0.0,0.0,0.0,0.0,0.0,0.0,2.0,0.0,0.0,0.0,0.0,0.0,0.0,0.0,0.0,0.0,0.0,0.0,0.0,0.0,0.0,0.0,0.0,0.0,0.0,0.0,0.0,74.0,0.0
user_36,13.0,0.0,0.0,0.0,94.0,0.0,0.0,0.0,9.0,0.0,0.0,0.0,0.0,0.0,0.0,0.0,0.0,0.0,0.0,0.0,0.0,15.0,44.0,0.0,73.0,0.0,0.0,63.0,84.0,0.0,0.0,0.0,0.0,0.0,0.0
user_360,0.0,0.0,66.0,0.0,0.0,0.0,88.0,0.0,19.0,41.0,59.0,0.0,0.0,52.0,0.0,0.0,0.0,0.0,0.0,65.0,0.0,0.0,0.0,0.0,0.0,60.0,0.0,0.0,0.0,0.0,0.0,0.0,79.0,0.0,0.0
user_361,0.0,0.0,30.0,0.0,0.0,68.0,67.0,0.0,10.0,39.0,52.0,0.0,0.0,0.0,0.0,0.0,0.0,0.0,92.0,0.0,0.0,0.0,0.0,0.0,0.0,0.0,0.0,0.0,0.0,0.0,0.0,56.0,43.0,0.0,0.0
user_362,0.0,0.0,0.0,97.0,3.0,0.0,0.0,9.0,0.0,0.0,0.0,0.0,0.0,0.0,0.0,0.0,0.0,0.0,0.0,0.0,0.0,0.0,35.0,0.0,34.0,0.0,57.0,0.0,0.0,64.0,90.0,0.0,0.0,0.0,13.0
user_363,0.0,0.0,0.0,0.0,0.0,98.0,0.0,0.0,0.0,0.0,0.0,0.0,0.0,0.0,0.0,0.0,0.0,0.0,15.0,0.0,0.0,0.0,0.0,0.0,0.0,0.0,0.0,0.0,0.0,0.0,73.0,0.0,0.0,0.0,0.0
user_364,0.0,0.0,70.0,0.0,0.0,0.0,0.0,0.0,0.0,56.0,0.0,58.0,0.0,0.0,0.0,0.0,0.0,13.0,0.0,0.0,0.0,0.0,0.0,0.0,0.0,0.0,0.0,0.0,0.0,0.0,0.0,0.0,0.0,0.0,0.0
user_365,0.0,0.0,0.0,0.0,0.0,0.0,61.0,0.0,68.0,29.0,0.0,0.0,0.0,0.0,0.0,0.0,93.0,0.0,74.0,0.0,0.0,0.0,0.0,0.0,0.0,0.0,0.0,0.0,0.0,0.0,0.0,0.0,0.0,0.0,0.0
user_366,0.0,0.0,68.0,0.0,0.0,0.0,0.0,0.0,0.0,0.0,0.0,0.0,0.0,37.0,0.0,61.0,0.0,0.0,0.0,0.0,0.0,0.0,0.0,0.0,0.0,0.0,0.0,0.0,0.0,0.0,0.0,0.0,0.0,54.0,0.0
user_367,0.0,0.0,0.0,0.0,0.0,0.0,0.0,31.0,0.0,0.0,0.0,0.0,0.0,0.0,0.0,0.0,0.0,0.0,0.0,0.0,23.0,0.0,0.0,0.0,0.0,0.0,5.0,0.0,0.0,88.0,0.0,0.0,0.0,0.0,0.0
user_368,0.0,0.0,43.0,73.0,13.0,0.0,0.0,4.0,0.0,0.0,0.0,0.0,0.0,0.0,0.0,0.0,0.0,0.0,0.0,0.0,0.0,0.0,0.0,0.0,0.0,0.0,0.0,0.0,0.0,46.0,90.0,93.0,0.0,0.0,24.0
user_369,1.0,0.0,0.0,0.0,0.0,0.0,0.0,0.0,0.0,0.0,21.0,74.0,0.0,0.0,0.0,0.0,29.0,0.0,36.0,0.0,62.0,0.0,94.0,0.0,50.0,0.0,0.0,39.0,65.0,0.0,0.0,0.0,0.0,0.0,0.0
user_37,62.0,0.0,0.0,0.0,0.0,30.0,0.0,0.0,0.0,0.0,18.0,78.0,0.0,0.0,72.0,89.0,0.0,0.0,85.0,0.0,0.0,0.0,0.0,5.0,0.0,14.0,0.0,0.0,0.0,0.0,0.0,42.0,0.0,0.0,0.0
user_370,0.0,1.0,0.0,33.0,0.0,0.0,0.0,0.0,0.0,0.0,0.0,0.0,64.0,81.0,0.0,0.0,0.0,59.0,0.0,48.0,0.0,0.0,0.0,0.0,0.0,0.0,0.0,0.0,0.0,60.0,0.0,32.0,0.0,26.0,0.0
user_371,0.0,2.0,0.0,0.0,0.0,0.0,0.0,0.0,0.0,0.0,0.0,0.0,29.0,19.0,0.0,0.0,0.0,0.0,0.0,3.0,0.0,50.0,0.0,0.0,0.0,0.0,0.0,0.0,49.0,60.0,61.0,56.0,0.0,0.0,0.0
user_372,0.0,0.0,0.0,0.0,0.0,0.0,0.0,0.0,0.0,31.0,0.0,92.0,0.0,0.0,0.0,88.0,0.0,86.0,0.0,0.0,17.0,27.0,0.0,0.0,0.0,0.0,0.0,0.0,61.0,0.0,12.0,0.0,0.0,15.0,0.0
user_373,0.0,46.0,0.0,0.0,0.0,75.0,0.0,0.0,0.0,35.0,0.0,0.0,0.0,0.0,22.0,0.0,0.0,0.0,0.0,0.0,0.0,0.0,0.0,43.0,0.0,54.0,0.0,0.0,0.0,0.0,0.0,0.0,0.0,27.0,0.0
user_374,72.0,0.0,0.0,0.0,0.0,43.0,0.0,0.0,0.0,0.0,0.0,0.0,61.0,0.0,40.0,0.0,0.0,0.0,66.0,42.0,0.0,0.0,0.0,61.0,0.0,77.0,0.0,2.0,0.0,0.0,0.0,0.0,0.0,0.0,0.0
user_375,0.0,0.0,0.0,0.0,0.0,0.0,0.0,0.0,0.0,0.0,0.0,0.0,61.0,54.0,0.0,0.0,0.0,0.0,0.0,0.0,0.0,0.0,0.0,0.0,50.0,0.0,0.0,0.0,0.0,0.0,0.0,0.0,0.0,0.0,0.0
user_376,0.0,0.0,0.0,0.0,0.0,0.0,0.0,0.0,0.0,0.0,0.0,0.0,0.0,0.0,0.0,0.0,0.0,53.0,0.0,0.0,0.0,0.0,0.0,0.0,0.0,0.0,0.0,0.0,0.0,0.0,80.0,0.0,0.0,47.0,0.0
user_377,82.0,21.0,0.0,52.0,0.0,0.0,0.0,0.0,0.0,0.0,0.0,0.0,58.0,21.0,44.0,0.0,0.0,0.0,0.0,68.0,0.0,0.0,0.0,0.0,0.0,0.0,0.0,0.0,0.0,76.0,0.0,17.0,0.0,0.0,0.0
user_378,0.0,0.0,1.0,0.0,0.0,0.0,35.0,0.0,58.0,89.0,83.0,0.0,0.0,0.0,90.0,0.0,0.0,0.0,0.0,0.0,0.0,0.0,14.0,0.0,0.0,61.0,0.0,0.0,91.0,0.0,0.0,0.0,67.0,0.0,0.0
user_379,0.0,0.0,0.0,0.0,99.0,0.0,0.0,29.0,0.0,0.0,0.0,0.0,0.0,0.0,0.0,0.0,0.0,61.0,0.0,0.0,0.0,0.0,0.0,0.0,0.0,0.0,0.0,0.0,46.0,0.0,67.0,0.0,0.0,0.0,0.0
user_38,0.0,0.0,0.0,0.0,0.0,39.0,0.0,0.0,0.0,0.0,0.0,0.0,0.0,0.0,7.0,0.0,0.0,0.0,53.0,0.0,0.0,0.0,0.0,70.0,0.0,72.0,0.0,33.0,0.0,64.0,0.0,0.0,0.0,0.0,0.0
user_380,0.0,0.0,0.0,0.0,0.0,0.0,0.0,55.0,0.0,0.0,0.0,0.0,0.0,0.0,0.0,0.0,0.0,0.0,0.0,33.0,0.0,0.0,0.0,0.0,0.0,0.0,0.0,0.0,0.0,0.0,0.0,0.0,0.0,0.0,39.0
user_381,0.0,0.0,0.0,0.0,0.0,52.0,0.0,97.0,0.0,0.0,0.0,0.0,67.0,0.0,3.0,0.0,0.0,0.0,49.0,0.0,0.0,0.0,97.0,83.0,0.0,96.0,0.0,0.0,0.0,0.0,0.0,0.0,0.0,0.0,0.0
user_382,0.0,0.0,4.0,0.0,0.0,0.0,72.0,0.0,69.0,92.0,69.0,0.0,0.0,0.0,0.0,0.0,0.0,0.0,4.0,0.0,0.0,0.0,0.0,0.0,0.0,0.0,33.0,0.0,0.0,0.0,0.0,0.0,26.0,0.0,0.0
user_383,0.0,0.0,0.0,0.0,0.0,51.0,97.0,0.0,24.0,0.0,0.0,0.0,0.0,0.0,78.0,0.0,0.0,0.0,3.0,0.0,0.0,0.0,0.0,90.0,0.0,3.0,0.0,0.0,13.0,0.0,0.0,0.0,0.0,0.0,0.0
user_384,0.0,0.0,0.0,0.0,0.0,89.0,93.0,0.0,0.0,0.0,0.0,0.0,20.0,0.0,0.0,0.0,0.0,0.0,2.0,0.0,0.0,0.0,0.0,9.0,0.0,0.0,0.0,0.0,0.0,0.0,0.0,0.0,0.0,0.0,0.0
user_385,88.0,0.0,86.0,0.0,0.0,0.0,96.0,0.0,45.0,37.0,97.0,0.0,38.0,0.0,0.0,0.0,0.0,0.0,0.0,0.0,0.0,12.0,0.0,0.0,0.0,0.0,86.0,0.0,0.0,0.0,0.0,0.0,31.0,0.0,0.0
user_386,0.0,0.0,0.0,27.0,0.0,0.0,0.0,0.0,0.0,9.0,0.0,0.0,0.0,0.0,0.0,52.0,0.0,80.0,0.0,0.0,19.0,22.0,0.0,0.0,0.0,0.0,0.0,0.0,0.0,0.0,0.0,0.0,0.0,0.0,0.0
user_387,0.0,0.0,8.0,0.0,0.0,0.0,69.0,0.0,25.0,54.0,82.0,0.0,18.0,7.0,0.0,0.0,0.0,0.0,0.0,95.0,0.0,57.0,0.0,0.0,0.0,0.0,0.0,0.0,0.0,0.0,0.0,0.0,65.0,0.0,0.0
user_388,0.0,0.0,0.0,29.0,0.0,41.0,0.0,56.0,82.0,0.0,0.0,0.0,45.0,0.0,9.0,0.0,0.0,0.0,99.0,0.0,0.0,0.0,0.0,56.0,0.0,86.0,0.0,0.0,0.0,0.0,0.0,0.0,0.0,0.0,0.0
user_389,0.0,0.0,0.0,0.0,89.0,0.0,0.0,16.0,0.0,0.0,0.0,0.0,0.0,0.0,61.0,0.0,98.0,0.0,0.0,0.0,0.0,0.0,0.0,0.0,0.0,0.0,54.0,0.0,0.0,0.0,0.0,0.0,0.0,0.0,0.0
user_39,0.0,0.0,0.0,88.0,74.0,0.0,0.0,31.0,0.0,0.0,0.0,0.0,56.0,0.0,8.0,0.0,0.0,0.0,0.0,0.0,0.0,0.0,0.0,0.0,0.0,0.0,38.0,0.0,0.0,0.0,68.0,29.0,0.0,0.0,10.0
user_390,0.0,0.0,0.0,8.0,65.0,0.0,0.0,12.0,0.0,0.0,0.0,0.0,0.0,0.0,0.0,0.0,77.0,0.0,0.0,0.0,41.0,0.0,0.0,0.0,0.0,0.0,0.0,0.0,0.0,0.0,0.0,0.0,0.0,0.0,43.0
user_391,0.0,29.0,0.0,79.0,47.0,0.0,0.0,77.0,0.0,0.0,0.0,0.0,0.0,0.0,0.0,0.0,87.0,0.0,77.0,0.0,0.0,0.0,0.0,0.0,0.0,0.0,82.0,0.0,0.0,0.0,26.0,0.0,0.0,0.0,31.0
user_392,0.0,0.0,0.0,0.0,0.0,0.0,0.0,0.0,97.0,0.0,0.0,92.0,0.0,0.0,0.0,43.0,0.0,3.0,0.0,0.0,95.0,29.0,0.0,0.0,90.0,77.0,0.0,0.0,0.0,0.0,0.0,0.0,0.0,41.0,0.0
user_393,0.0,0.0,0.0,0.0,0.0,46.0,0.0,0.0,0.0,95.0,0.0,0.0,0.0,0.0,0.0,0.0,0.0,0.0,78.0,0.0,23.0,0.0,0.0,53.0,0.0,83.0,0.0,0.0,0.0,0.0,0.0,0.0,70.0,0.0,0.0
user_394,0.0,0.0,0.0,0.0,90.0,0.0,0.0,0.0,80.0,0.0,0.0,0.0,0.0,0.0,0.0,0.0,55.0,0.0,0.0,0.0,0.0,0.0,0.0,0.0,0.0,0.0,0.0,60.0,75.0,0.0,0.0,0.0,0.0,0.0,0.0
user_395,0.0,0.0,0.0,0.0,0.0,76.0,0.0,0.0,0.0,0.0,92.0,0.0,0.0,0.0,36.0,0.0,0.0,0.0,36.0,0.0,0.0,0.0,0.0,42.0,42.0,61.0,0.0,0.0,46.0,0.0,0.0,0.0,0.0,0.0,0.0
user_396,0.0,0.0,0.0,0.0,57.0,0.0,0.0,0.0,0.0,0.0,0.0,0.0,0.0,22.0,0.0,0.0,0.0,0.0,0.0,0.0,0.0,0.0,0.0,0.0,0.0,47.0,32.0,0.0,0.0,0.0,0.0,0.0,0.0,0.0,0.0
user_397,0.0,0.0,0.0,0.0,60.0,25.0,0.0,0.0,0.0,0.0,0.0,0.0,0.0,0.0,46.0,0.0,0.0,21.0,0.0,0.0,0.0,0.0,0.0,60.0,0.0,66.0,0.0,0.0,0.0,0.0,0.0,0.0,0.0,0.0,0.0
user_398,0.0,0.0,99.0,0.0,0.0,0.0,47.0,0.0,31.0,92.0,69.0,0.0,0.0,0.0,0.0,0.0,59.0,0.0,0.0,0.0,0.0,0.0,0.0,0.0,0.0,60.0,56.0,0.0,0.0,0.0,0.0,0.0,44.0,0.0,0.0
user_399,0.0,0.0,0.0,0.0,0.0,0.0,0.0,0.0,0.0,0.0,0.0,99.0,0.0,0.0,0.0,0.0,0.0,0.0,0.0,0.0,0.0,0.0,54.0,0.0,0.0,0.0,0.0,0.0,98.0,0.0,0.0,0.0,0.0,0.0,0.0
user_4,0.0,0.0,0.0,0.0,0.0,0.0,0.0,0.0,0.0,0.0,0.0,0.0,0.0,0.0,0.0,0.0,0.0,0.0,81.0,35.0,0.0,0.0,0.0,8.0,0.0,0.0,0.0,0.0,0.0,0.0,0.0,0.0,0.0,0.0,0.0
user_40,0.0,0.0,0.0,0.0,0.0,0.0,0.0,0.0,46.0,74.0,0.0,0.0,0.0,0.0,13.0,0.0,0.0,12.0,0.0,0.0,0.0,0.0,0.0,0.0,0.0,0.0,0.0,0.0,0.0,0.0,0.0,0.0,0.0,0.0,0.0
user_400,0.0,36.0,0.0,0.0,0.0,7.0,0.0,0.0,0.0,0.0,0.0,13.0,0.0,0.0,0.0,62.0,0.0,56.0,51.0,0.0,62.0,78.0,0.0,0.0,0.0,0.0,0.0,0.0,0.0,0.0,94.0,0.0,0.0,43.0,0.0
user_401,0.0,74.0,0.0,0.0,0.0,0.0,7.0,0.0,0.0,0.0,0.0,0.0,32.0,56.0,0.0,0.0,0.0,73.0,0.0,18.0,0.0,0.0,0.0,0.0,8.0,0.0,0.0,0.0,0.0,57.0,0.0,95.0,0.0,0.0,0.0
user_402,0.0,0.0,0.0,0.0,0.0,0.0,0.0,0.0,0.0,0.0,0.0,6.0,0.0,0.0,0.0,11.0,0.0,0.0,0.0,17.0,0.0,0.0,0.0,0.0,0.0,0.0,0.0,0.0,0.0,0.0,0.0,0.0,0.0,0.0,0.0
user_403,0.0,0.0,44.0,0.0,0.0,93.0,0.0,0.0,0.0,0.0,0.0,9.0,0.0,0.0,0.0,0.0,0.0,15.0,0.0,0.0,97.0,52.0,0.0,0.0,0.0,0.0,0.0,0.0,0.0,83.0,0.0,0.0,0.0,35.0,0.0
user_404,0.0,0.0,1.0,0.0,0.0,0.0,97.0,0.0,95.0,51.0,36.0,0.0,84.0,0.0,0.0,0.0,69.0,79.0,0.0,0.0,0.0,0.0,0.0,0.0,0.0,0.0,0.0,0.0,0.0,40.0,0.0,0.0,27.0,0.0,0.0
user_405,0.0,0.0,0.0,0.0,0.0,0.0,0.0,0.0,0.0,0.0,0.0,79.0,0.0,0.0,0.0,29.0,0.0,7.0,71.0,80.0,55.0,0.0,0.0,0.0,0.0,0.0,0.0,0.0,0.0,0.0,95.0,0.0,0.0,36.0,0.0
user_406,49.0,0.0,0.0,0.0,77.0,0.0,0.0,73.0,0.0,0.0,0.0,0.0,0.0,0.0,0.0,0.0,43.0,0.0,0.0,0.0,0.0,0.0,37.0,0.0,94.0,0.0,0.0,53.0,83.0,0.0,0.0,0.0,0.0,0.0,41.0
user_407,0.0,0.0,0.0,76.0,0.0,0.0,0.0,0.0,0.0,0.0,0.0,0.0,0.0,0.0,0.0,0.0,0.0,0.0,30.0,0.0,0.0,0.0,0.0,8.0,0.0,95.0,0.0,0.0,0.0,0.0,2.0,0.0,0.0,0.0,0.0
user_408,0.0,0.0,0.0,0.0,0.0,0.0,0.0,0.0,0.0,0.0,0.0,0.0,0.0,0.0,0.0,0.0,0.0,0.0,0.0,0.0,0.0,0.0,17.0,0.0,0.0,23.0,0.0,0.0,0.0,30.0,0.0,11.0,0.0,0.0,0.0
user_409,0.0,0.0,0.0,0.0,0.0,0.0,0.0,0.0,0.0,72.0,0.0,0.0,21.0,0.0,74.0,0.0,0.0,0.0,0.0,0.0,0.0,0.0,0.0,0.0,0.0,0.0,0.0,0.0,0.0,0.0,0.0,0.0,6.0,0.0,0.0
user_41,0.0,0.0,0.0,0.0,29.0,0.0,0.0,0.0,0.0,0.0,0.0,0.0,92.0,9.0,0.0,0.0,0.0,0.0,0.0,0.0,0.0,0.0,0.0,0.0,0.0,0.0,0.0,0.0,0.0,0.0,0.0,0.0,0.0,0.0,0.0
user_410,0.0,0.0,63.0,0.0,0.0,65.0,93.0,0.0,88.0,3.0,27.0,0.0,0.0,0.0,0.0,0.0,7.0,0.0,0.0,0.0,0.0,0.0,0.0,0.0,0.0,0.0,0.0,0.0,0.0,0.0,26.0,0.0,82.0,33.0,0.0
user_411,0.0,0.0,0.0,0.0,0.0,0.0,0.0,0.0,0.0,0.0,0.0,0.0,0.0,0.0,0.0,0.0,0.0,63.0,0.0,0.0,32.0,0.0,0.0,0.0,0.0,0.0,0.0,0.0,0.0,92.0,0.0,0.0,0.0,0.0,0.0
user_412,0.0,0.0,0.0,0.0,0.0,0.0,0.0,0.0,0.0,0.0,0.0,16.0,0.0,0.0,75.0,66.0,0.0,84.0,0.0,0.0,56.0,7.0,0.0,87.0,0.0,0.0,0.0,0.0,0.0,0.0,0.0,0.0,0.0,0.0,33.0
user_413,36.0,80.0,0.0,0.0,0.0,0.0,0.0,0.0,0.0,0.0,0.0,0.0,0.0,0.0,0.0,0.0,48.0,22.0,0.0,93.0,0.0,0.0,97.0,0.0,80.0,0.0,0.0,9.0,80.0,0.0,0.0,0.0,0.0,0.0,0.0
user_414,0.0,0.0,0.0,0.0,0.0,0.0,0.0,0.0,0.0,0.0,0.0,72.0,0.0,0.0,16.0,57.0,0.0,66.0,0.0,0.0,76.0,68.0,42.0,0.0,0.0,50.0,0.0,0.0,0.0,0.0,0.0,0.0,0.0,71.0,0.0
user_415,0.0,0.0,51.0,61.0,90.0,2.0,0.0,0.0,0.0,0.0,0.0,0.0,0.0,9.0,0.0,0.0,0.0,0.0,0.0,0.0,0.0,0.0,0.0,0.0,0.0,0.0,68.0,0.0,0.0,0.0,11.0,0.0,0.0,0.0,63.0
user_416,0.0,0.0,0.0,70.0,61.0,0.0,0.0,0.0,0.0,0.0,0.0,0.0,0.0,0.0,56.0,0.0,0.0,0.0,59.0,0.0,0.0,0.0,63.0,0.0,0.0,0.0,5.0,0.0,0.0,0.0,10.0,0.0,0.0,0.0,0.0
user_417,95.0,0.0,0.0,0.0,0.0,0.0,0.0,0.0,0.0,0.0,0.0,0.0,0.0,0.0,0.0,0.0,98.0,0.0,0.0,0.0,0.0,0.0,53.0,0.0,0.0,0.0,0.0,0.0,16.0,0.0,0.0,0.0,47.0,41.0,0.0
user_418,0.0,0.0,0.0,0.0,85.0,0.0,0.0,1.0,0.0,0.0,0.0,0.0,0.0,0.0,0.0,0.0,0.0,0.0,0.0,0.0,0.0,0.0,0.0,0.0,0.0,0.0,0.0,0.0,0.0,0.0,51.0,83.0,0.0,47.0,0.0
user_419,18.0,0.0,0.0,0.0,0.0,62.0,0.0,0.0,0.0,0.0,0.0,0.0,0.0,90.0,80.0,0.0,0.0,0.0,37.0,0.0,0.0,0.0,0.0,96.0,0.0,29.0,0.0,0.0,0.0,0.0,0.0,0.0,0.0,0.0,35.0
user_42,0.0,0.0,0.0,52.0,26.0,0.0,0.0,9.0,0.0,0.0,0.0,0.0,43.0,0.0,0.0,0.0,0.0,91.0,0.0,0.0,0.0,0.0,0.0,0.0,0.0,0.0,75.0,0.0,0.0,91.0,35.0,0.0,7.0,0.0,25.0
user_420,59.0,58.0,0.0,0.0,0.0,0.0,0.0,0.0,0.0,0.0,0.0,0.0,42.0,35.0,0.0,79.0,0.0,0.0,0.0,54.0,0.0,0.0,0.0,25.0,0.0,0.0,0.0,0.0,0.0,12.0,0.0,7.0,0.0,0.0,90.0
user_421,0.0,0.0,0.0,86.0,99.0,0.0,0.0,56.0,0.0,0.0,0.0,0.0,0.0,0.0,3.0,0.0,0.0,0.0,0.0,0.0,0.0,0.0,0.0,37.0,0.0,0.0,0.0,0.0,0.0,0.0,13.0,0.0,0.0,0.0,0.0
user_422,8.0,0.0,0.0,0.0,0.0,0.0,0.0,0.0,0.0,0.0,0.0,64.0,0.0,0.0,0.0,48.0,0.0,0.0,0.0,0.0,0.0,40.0,0.0,0.0,0.0,56.0,0.0,0.0,0.0,0.0,0.0,0.0,0.0,0.0,0.0
user_423,45.0,0.0,0.0,0.0,0.0,0.0,0.0,0.0,0.0,0.0,76.0,0.0,0.0,0.0,0.0,0.0,9.0,42.0,11.0,0.0,0.0,0.0,83.0,7.0,97.0,0.0,6.0,73.0,48.0,0.0,0.0,0.0,0.0,0.0,0.0
user_424,0.0,0.0,50.0,0.0,0.0,0.0,0.0,76.0,45.0,0.0,40.0,0.0,0.0,0.0,0.0,0.0,0.0,19.0,44.0,0.0,0.0,0.0,0.0,0.0,0.0,0.0,0.0,0.0,0.0,0.0,0.0,0.0,9.0,0.0,0.0
user_425,0.0,0.0,0.0,0.0,0.0,0.0,80.0,0.0,0.0,0.0,0.0,91.0,0.0,0.0,21.0,24.0,0.0,55.0,0.0,0.0,52.0,37.0,83.0,0.0,0.0,0.0,0.0,0.0,0.0,0.0,0.0,0.0,0.0,63.0,0.0
user_426,0.0,0.0,0.0,48.0,45.0,0.0,0.0,57.0,0.0,0.0,0.0,53.0,0.0,0.0,0.0,0.0,73.0,0.0,0.0,0.0,0.0,0.0,0.0,72.0,0.0,0.0,80.0,0.0,0.0,0.0,33.0,0.0,0.0,0.0,0.0
user_427,0.0,65.0,0.0,0.0,0.0,42.0,0.0,27.0,99.0,0.0,0.0,0.0,14.0,98.0,0.0,0.0,0.0,0.0,0.0,38.0,0.0,0.0,0.0,0.0,0.0,0.0,0.0,0.0,30.0,92.0,79.0,52.0,0.0,0.0,0.0
user_428,0.0,0.0,0.0,0.0,0.0,0.0,0.0,0.0,0.0,0.0,0.0,25.0,0.0,0.0,0.0,0.0,0.0,0.0,0.0,0.0,0.0,92.0,0.0,6.0,0.0,51.0,0.0,0.0,0.0,0.0,0.0,0.0,0.0,0.0,0.0
user_429,0.0,0.0,0.0,0.0,0.0,0.0,0.0,0.0,0.0,0.0,53.0,0.0,0.0,0.0,0.0,0.0,0.0,54.0,0.0,0.0,90.0,45.0,0.0,0.0,0.0,0.0,0.0,0.0,0.0,0.0,0.0,0.0,0.0,6.0,87.0
user_43,56.0,0.0,49.0,94.0,0.0,0.0,49.0,0.0,63.0,49.0,84.0,0.0,0.0,0.0,0.0,0.0,62.0,0.0,0.0,0.0,0.0,0.0,0.0,0.0,0.0,0.0,0.0,0.0,0.0,96.0,0.0,0.0,86.0,0.0,0.0
user_430,32.0,53.0,77.0,70.0,96.0,0.0,0.0,58.0,0.0,0.0,0.0,0.0,0.0,0.0,0.0,0.0,0.0,0.0,0.0,0.0,0.0,0.0,0.0,0.0,0.0,0.0,40.0,0.0,0.0,0.0,84.0,0.0,0.0,5.0,96.0
user_431,0.0,0.0,0.0,0.0,0.0,0.0,92.0,0.0,61.0,0.0,97.0,0.0,0.0,0.0,0.0,0.0,0.0,80.0,0.0,0.0,0.0,0.0,0.0,0.0,0.0,0.0,7.0,0.0,0.0,0.0,0.0,0.0,0.0,0.0,0.0
user_432,0.0,0.0,0.0,0.0,0.0,0.0,0.0,0.0,0.0,0.0,0.0,44.0,64.0,0.0,0.0,27.0,0.0,16.0,0.0,0.0,94.0,54.0,0.0,0.0,20.0,0.0,93.0,0.0,0.0,0.0,0.0,0.0,0.0,6.0,0.0
user_433,0.0,0.0,0.0,0.0,0.0,44.0,0.0,0.0,0.0,0.0,0.0,0.0,0.0,0.0,0.0,0.0,0.0,0.0,0.0,0.0,0.0,0.0,0.0,0.0,0.0,0.0,13.0,0.0,0.0,0.0,9.0,0.0,0.0,0.0,0.0
user_434,0.0,0.0,0.0,0.0,0.0,33.0,81.0,0.0,0.0,0.0,0.0,60.0,59.0,0.0,68.0,0.0,0.0,0.0,93.0,0.0,0.0,0.0,0.0,51.0,0.0,3.0,0.0,0.0,0.0,0.0,17.0,0.0,0.0,0.0,0.0
user_435,0.0,0.0,0.0,0.0,76.0,0.0,0.0,0.0,0.0,0.0,0.0,0.0,0.0,0.0,0.0,0.0,0.0,15.0,0.0,0.0,0.0,0.0,0.0,0.0,0.0,0.0,77.0,0.0,0.0,0.0,0.0,0.0,0.0,99.0,0.0
user_436,0.0,0.0,0.0,97.0,0.0,47.0,0.0,0.0,0.0,0.0,53.0,0.0,0.0,0.0,41.0,0.0,0.0,0.0,61.0,0.0,0.0,0.0,0.0,49.0,0.0,57.0,34.0,0.0,0.0,0.0,0.0,0.0,0.0,0.0,0.0
user_437,0.0,0.0,0.0,0.0,0.0,80.0,0.0,0.0,0.0,0.0,63.0,0.0,0.0,0.0,27.0,0.0,0.0,0.0,15.0,0.0,0.0,0.0,0.0,63.0,0.0,49.0,0.0,0.0,0.0,0.0,0.0,0.0,53.0,0.0,0.0
user_438,0.0,0.0,83.0,0.0,0.0,0.0,84.0,0.0,69.0,21.0,26.0,73.0,0.0,0.0,0.0,0.0,0.0,0.0,17.0,0.0,0.0,69.0,0.0,0.0,0.0,95.0,0.0,0.0,0.0,0.0,0.0,0.0,82.0,0.0,0.0
user_439,0.0,19.0,47.0,0.0,0.0,0.0,0.0,0.0,0.0,0.0,74.0,31.0,0.0,0.0,0.0,56.0,0.0,72.0,0.0,0.0,23.0,26.0,0.0,0.0,0.0,0.0,53.0,0.0,0.0,2.0,0.0,0.0,0.0,89.0,0.0
user_44,0.0,74.0,0.0,0.0,0.0,0.0,0.0,0.0,0.0,0.0,0.0,0.0,1.0,32.0,0.0,0.0,0.0,0.0,0.0,63.0,32.0,34.0,0.0,0.0,0.0,97.0,0.0,0.0,0.0,55.0,0.0,38.0,0.0,0.0,0.0
user_440,26.0,10.0,0.0,0.0,0.0,0.0,15.0,0.0,0.0,67.0,0.0,0.0,0.0,0.0,0.0,0.0,35.0,0.0,0.0,0.0,0.0,0.0,89.0,90.0,34.0,0.0,0.0,33.0,22.0,0.0,0.0,0.0,0.0,0.0,0.0
user_441,0.0,0.0,0.0,0.0,0.0,58.0,90.0,0.0,0.0,0.0,0.0,0.0,0.0,34.0,11.0,0.0,0.0,0.0,12.0,0.0,0.0,0.0,0.0,0.0,0.0,44.0,4.0,0.0,0.0,0.0,0.0,0.0,0.0,0.0,0.0
user_442,0.0,0.0,46.0,0.0,0.0,0.0,0.0,0.0,0.0,0.0,0.0,0.0,0.0,0.0,0.0,0.0,0.0,15.0,0.0,0.0,0.0,0.0,0.0,8.0,0.0,67.0,0.0,0.0,0.0,0.0,0.0,0.0,0.0,0.0,0.0
user_443,0.0,0.0,54.0,0.0,0.0,0.0,4.0,12.0,43.0,28.0,13.0,0.0,0.0,0.0,42.0,0.0,0.0,0.0,0.0,0.0,0.0,0.0,0.0,0.0,39.0,97.0,0.0,0.0,0.0,0.0,0.0,0.0,48.0,0.0,0.0
user_444,0.0,0.0,0.0,0.0,0.0,0.0,0.0,0.0,0.0,0.0,0.0,98.0,0.0,44.0,99.0,91.0,0.0,37.0,0.0,19.0,40.0,60.0,0.0,48.0,0.0,0.0,0.0,0.0,0.0,92.0,0.0,0.0,0.0,86.0,0.0
user_445,0.0,24.0,0.0,0.0,0.0,0.0,0.0,0.0,0.0,0.0,0.0,0.0,0.0,60.0,0.0,0.0,0.0,0.0,0.0,49.0,0.0,0.0,0.0,72.0,0.0,0.0,0.0,13.0,0.0,0.0,0.0,12.0,0.0,0.0,0.0
user_446,0.0,0.0,52.0,0.0,0.0,0.0,67.0,0.0,2.0,47.0,76.0,0.0,0.0,0.0,78.0,0.0,91.0,0.0,0.0,0.0,0.0,0.0,0.0,0.0,0.0,0.0,0.0,0.0,0.0,0.0,0.0,0.0,67.0,0.0,64.0
user_447,0.0,0.0,0.0,0.0,0.0,0.0,0.0,0.0,0.0,0.0,0.0,0.0,0.0,0.0,0.0,1.0,0.0,22.0,0.0,0.0,0.0,77.0,0.0,0.0,0.0,17.0,0.0,0.0,0.0,0.0,46.0,0.0,0.0,26.0,0.0
user_448,0.0,0.0,0.0,0.0,99.0,0.0,0.0,0.0,0.0,0.0,0.0,94.0,0.0,0.0,0.0,29.0,0.0,47.0,32.0,0.0,0.0,26.0,0.0,0.0,0.0,0.0,5.0,0.0,0.0,0.0,0.0,0.0,0.0,35.0,0.0
user_449,0.0,0.0,41.0,71.0,0.0,0.0,0.0,0.0,50.0,0.0,44.0,0.0,0.0,0.0,0.0,0.0,80.0,0.0,0.0,0.0,0.0,0.0,0.0,0.0,0.0,0.0,0.0,0.0,0.0,0.0,0.0,0.0,14.0,0.0,0.0
user_45,0.0,0.0,0.0,0.0,0.0,16.0,0.0,0.0,0.0,0.0,0.0,0.0,7.0,0.0,35.0,7.0,0.0,14.0,97.0,0.0,0.0,0.0,0.0,8.0,0.0,37.0,0.0,0.0,0.0,0.0,0.0,0.0,0.0,0.0,0.0
user_450,0.0,0.0,94.0,38.0,76.0,0.0,0.0,30.0,0.0,0.0,0.0,0.0,0.0,0.0,18.0,0.0,0.0,18.0,25.0,0.0,0.0,0.0,0.0,0.0,0.0,19.0,13.0,0.0,0.0,0.0,49.0,0.0,0.0,0.0,64.0
user_451,0.0,0.0,0.0,35.0,0.0,63.0,0.0,0.0,0.0,0.0,0.0,0.0,0.0,0.0,94.0,0.0,0.0,0.0,46.0,0.0,0.0,0.0,0.0,26.0,0.0,14.0,0.0,0.0,0.0,28.0,0.0,0.0,29.0,0.0,0.0
user_452,0.0,0.0,0.0,0.0,0.0,58.0,0.0,0.0,0.0,0.0,0.0,0.0,9.0,0.0,56.0,0.0,0.0,0.0,89.0,0.0,0.0,94.0,0.0,89.0,0.0,97.0,0.0,0.0,0.0,0.0,91.0,0.0,0.0,0.0,0.0
user_453,0.0,0.0,0.0,84.0,0.0,0.0,0.0,0.0,0.0,0.0,0.0,0.0,0.0,0.0,0.0,0.0,0.0,0.0,0.0,0.0,0.0,0.0,0.0,0.0,0.0,0.0,0.0,0.0,0.0,0.0,48.0,0.0,0.0,78.0,0.0
user_454,0.0,0.0,19.0,0.0,0.0,0.0,38.0,98.0,89.0,37.0,16.0,0.0,52.0,0.0,0.0,0.0,0.0,0.0,0.0,0.0,0.0,0.0,0.0,0.0,0.0,0.0,0.0,23.0,0.0,12.0,0.0,0.0,87.0,0.0,0.0
user_455,0.0,84.0,0.0,80.0,0.0,0.0,0.0,0.0,0.0,0.0,0.0,0.0,0.0,28.0,0.0,0.0,0.0,0.0,0.0,0.0,0.0,0.0,0.0,0.0,0.0,0.0,0.0,0.0,0.0,0.0,0.0,0.0,0.0,0.0,87.0
user_456,0.0,0.0,68.0,53.0,85.0,0.0,0.0,0.0,0.0,0.0,0.0,0.0,0.0,0.0,0.0,0.0,0.0,0.0,38.0,0.0,0.0,0.0,0.0,0.0,0.0,0.0,73.0,87.0,0.0,0.0,89.0,0.0,0.0,0.0,0.0
user_457,0.0,80.0,0.0,0.0,0.0,1.0,0.0,0.0,0.0,0.0,0.0,0.0,44.0,73.0,0.0,0.0,0.0,0.0,0.0,95.0,0.0,0.0,0.0,17.0,0.0,0.0,0.0,0.0,0.0,11.0,0.0,0.0,0.0,0.0,0.0
user_458,0.0,0.0,61.0,0.0,57.0,0.0,79.0,0.0,70.0,59.0,79.0,0.0,87.0,0.0,0.0,0.0,0.0,0.0,78.0,0.0,0.0,0.0,0.0,0.0,0.0,0.0,0.0,0.0,0.0,0.0,0.0,0.0,20.0,0.0,0.0
user_459,0.0,0.0,0.0,0.0,0.0,0.0,0.0,0.0,0.0,0.0,0.0,0.0,0.0,0.0,0.0,0.0,0.0,0.0,0.0,51.0,0.0,0.0,0.0,0.0,0.0,0.0,0.0,51.0,0.0,99.0,0.0,0.0,0.0,0.0,0.0
user_46,0.0,0.0,0.0,0.0,0.0,0.0,0.0,0.0,0.0,0.0,0.0,0.0,37.0,0.0,0.0,0.0,0.0,0.0,2.0,0.0,0.0,0.0,20.0,20.0,0.0,87.0,0.0,0.0,0.0,0.0,0.0,0.0,0.0,0.0,0.0
user_460,12.0,0.0,0.0,0.0,0.0,22.0,0.0,0.0,61.0,26.0,19.0,0.0,0.0,0.0,0.0,0.0,0.0,0.0,0.0,0.0,0.0,0.0,0.0,0.0,0.0,0.0,0.0,0.0,0.0,0.0,0.0,0.0,50.0,0.0,0.0
user_461,0.0,48.0,0.0,0.0,0.0,0.0,0.0,0.0,0.0,0.0,0.0,0.0,88.0,39.0,0.0,0.0,0.0,80.0,0.0,8.0,0.0,47.0,0.0,13.0,0.0,0.0,0.0,0.0,0.0,54.0,0.0,18.0,0.0,0.0,0.0
user_462,0.0,0.0,0.0,0.0,0.0,0.0,47.0,0.0,0.0,0.0,0.0,0.0,99.0,13.0,0.0,0.0,0.0,0.0,0.0,0.0,0.0,0.0,0.0,0.0,0.0,5.0,0.0,0.0,0.0,0.0,0.0,0.0,0.0,0.0,0.0
user_463,0.0,0.0,0.0,0.0,0.0,95.0,39.0,0.0,0.0,0.0,0.0,0.0,0.0,0.0,23.0,0.0,24.0,0.0,89.0,0.0,0.0,0.0,0.0,34.0,0.0,60.0,0.0,0.0,0.0,0.0,23.0,0.0,0.0,0.0,0.0
user_464,0.0,0.0,0.0,0.0,0.0,0.0,0.0,0.0,0.0,0.0,0.0,0.0,0.0,0.0,12.0,0.0,48.0,0.0,65.0,0.0,0.0,0.0,0.0,0.0,0.0,0.0,0.0,0.0,0.0,0.0,0.0,0.0,0.0,0.0,0.0
user_465,0.0,0.0,0.0,27.0,0.0,0.0,0.0,0.0,0.0,0.0,0.0,60.0,26.0,0.0,0.0,81.0,0.0,68.0,0.0,0.0,90.0,10.0,0.0,0.0,60.0,0.0,0.0,0.0,0.0,0.0,0.0,48.0,0.0,97.0,0.0
user_466,34.0,0.0,0.0,0.0,73.0,0.0,0.0,0.0,0.0,0.0,0.0,78.0,37.0,0.0,0.0,0.0,42.0,0.0,0.0,0.0,0.0,0.0,75.0,0.0,42.0,0.0,0.0,68.0,20.0,0.0,0.0,0.0,89.0,0.0,0.0
user_467,0.0,15.0,0.0,17.0,24.0,48.0,0.0,20.0,0.0,0.0,0.0,48.0,0.0,0.0,0.0,0.0,0.0,0.0,0.0,0.0,0.0,0.0,0.0,0.0,0.0,0.0,37.0,0.0,0.0,0.0,62.0,0.0,0.0,0.0,7.0
user_468,99.0,63.0,0.0,0.0,0.0,0.0,0.0,0.0,0.0,0.0,74.0,0.0,6.0,48.0,0.0,0.0,0.0,0.0,0.0,10.0,0.0,0.0,0.0,0.0,0.0,0.0,14.0,0.0,0.0,46.0,0.0,12.0,0.0,0.0,0.0
user_469,0.0,0.0,0.0,70.0,0.0,0.0,0.0,99.0,0.0,0.0,0.0,0.0,0.0,0.0,0.0,56.0,0.0,0.0,0.0,0.0,54.0,0.0,0.0,0.0,0.0,0.0,0.0,0.0,0.0,0.0,44.0,0.0,0.0,0.0,33.0
user_47,0.0,0.0,0.0,0.0,0.0,0.0,0.0,0.0,0.0,0.0,0.0,0.0,0.0,0.0,0.0,0.0,81.0,0.0,0.0,0.0,4.0,0.0,40.0,0.0,0.0,22.0,0.0,25.0,87.0,0.0,0.0,0.0,58.0,0.0,0.0
user_470,0.0,0.0,13.0,0.0,0.0,0.0,40.0,0.0,27.0,47.0,11.0,0.0,0.0,0.0,14.0,0.0,0.0,0.0,0.0,0.0,0.0,0.0,0.0,0.0,31.0,0.0,0.0,0.0,0.0,0.0,0.0,0.0,21.0,37.0,0.0
user_471,69.0,0.0,79.0,0.0,0.0,0.0,3.0,0.0,15.0,48.0,83.0,0.0,0.0,0.0,0.0,14.0,0.0,0.0,0.0,0.0,0.0,0.0,0.0,0.0,0.0,0.0,0.0,0.0,0.0,0.0,0.0,26.0,87.0,0.0,0.0
user_472,0.0,0.0,0.0,36.0,48.0,0.0,0.0,0.0,0.0,0.0,0.0,0.0,0.0,0.0,0.0,0.0,0.0,0.0,0.0,0.0,0.0,0.0,0.0,33.0,0.0,80.0,0.0,0.0,0.0,0.0,78.0,0.0,13.0,0.0,44.0
user_473,0.0,0.0,0.0,0.0,0.0,96.0,0.0,0.0,0.0,0.0,0.0,0.0,38.0,0.0,68.0,1.0,0.0,0.0,66.0,0.0,0.0,0.0,0.0,7.0,0.0,22.0,0.0,0.0,0.0,0.0,42.0,0.0,0.0,0.0,0.0
user_474,0.0,0.0,0.0,0.0,0.0,80.0,0.0,0.0,0.0,0.0,0.0,0.0,0.0,0.0,7.0,0.0,96.0,0.0,91.0,0.0,0.0,0.0,0.0,14.0,5.0,43.0,0.0,0.0,0.0,0.0,0.0,0.0,0.0,29.0,0.0
user_475,0.0,0.0,0.0,90.0,16.0,0.0,0.0,73.0,49.0,0.0,0.0,0.0,27.0,0.0,0.0,22.0,0.0,0.0,0.0,0.0,0.0,59.0,0.0,0.0,0.0,0.0,55.0,0.0,0.0,0.0,75.0,0.0,0.0,0.0,53.0
user_476,0.0,12.0,0.0,0.0,27.0,0.0,0.0,0.0,0.0,0.0,0.0,0.0,0.0,8.0,0.0,0.0,0.0,0.0,39.0,82.0,63.0,0.0,0.0,0.0,0.0,0.0,0.0,0.0,0.0,77.0,0.0,51.0,0.0,0.0,0.0
user_477,31.0,0.0,0.0,0.0,0.0,0.0,0.0,0.0,0.0,0.0,0.0,0.0,0.0,0.0,0.0,0.0,4.0,0.0,0.0,0.0,0.0,0.0,42.0,0.0,28.0,0.0,21.0,27.0,91.0,0.0,0.0,0.0,53.0,0.0,49.0
user_478,0.0,6.0,0.0,59.0,0.0,0.0,0.0,0.0,0.0,0.0,0.0,0.0,56.0,71.0,0.0,0.0,0.0,0.0,0.0,13.0,28.0,0.0,0.0,0.0,0.0,0.0,0.0,0.0,0.0,0.0,0.0,32.0,0.0,0.0,85.0
user_479,0.0,0.0,0.0,0.0,0.0,0.0,0.0,0.0,86.0,0.0,0.0,0.0,0.0,0.0,0.0,0.0,0.0,0.0,0.0,0.0,54.0,0.0,0.0,0.0,0.0,0.0,0.0,0.0,0.0,84.0,0.0,0.0,81.0,0.0,0.0
user_48,0.0,0.0,0.0,0.0,25.0,0.0,0.0,0.0,76.0,0.0,0.0,0.0,0.0,0.0,0.0,0.0,0.0,0.0,0.0,0.0,0.0,0.0,0.0,17.0,0.0,38.0,0.0,0.0,0.0,0.0,0.0,0.0,0.0,0.0,0.0
user_480,0.0,0.0,0.0,60.0,60.0,0.0,0.0,91.0,4.0,0.0,0.0,0.0,0.0,90.0,0.0,0.0,36.0,0.0,0.0,0.0,0.0,0.0,0.0,0.0,0.0,0.0,25.0,0.0,0.0,0.0,33.0,0.0,0.0,0.0,36.0
user_481,23.0,0.0,0.0,0.0,0.0,80.0,0.0,0.0,0.0,0.0,0.0,0.0,0.0,0.0,0.0,0.0,72.0,0.0,0.0,0.0,0.0,0.0,80.0,0.0,60.0,0.0,0.0,0.0,0.0,0.0,0.0,0.0,0.0,0.0,65.0
user_482,39.0,0.0,0.0,0.0,0.0,38.0,0.0,0.0,0.0,0.0,0.0,0.0,0.0,0.0,0.0,0.0,88.0,0.0,0.0,0.0,0.0,0.0,39.0,65.0,40.0,0.0,0.0,45.0,69.0,0.0,0.0,81.0,82.0,0.0,0.0
user_483,0.0,0.0,0.0,28.0,34.0,47.0,57.0,0.0,0.0,0.0,0.0,0.0,0.0,0.0,92.0,0.0,0.0,0.0,13.0,0.0,0.0,0.0,0.0,62.0,0.0,53.0,0.0,0.0,0.0,76.0,0.0,52.0,0.0,0.0,0.0
user_484,0.0,87.0,0.0,0.0,0.0,36.0,0.0,0.0,0.0,0.0,0.0,60.0,0.0,0.0,0.0,0.0,0.0,0.0,93.0,0.0,0.0,0.0,0.0,0.0,0.0,44.0,0.0,0.0,0.0,0.0,0.0,0.0,0.0,0.0,0.0
user_485,8.0,0.0,0.0,0.0,0.0,0.0,0.0,0.0,0.0,0.0,0.0,0.0,0.0,0.0,0.0,0.0,50.0,40.0,0.0,0.0,26.0,0.0,58.0,0.0,90.0,0.0,59.0,31.0,21.0,0.0,0.0,0.0,0.0,1.0,0.0
user_486,0.0,88.0,0.0,0.0,0.0,0.0,0.0,0.0,13.0,0.0,9.0,0.0,68.0,74.0,0.0,81.0,0.0,0.0,0.0,77.0,87.0,0.0,0.0,0.0,0.0,0.0,0.0,0.0,0.0,58.0,21.0,40.0,0.0,0.0,0.0
user_487,0.0,0.0,62.0,0.0,34.0,39.0,24.0,0.0,0.0,0.0,0.0,0.0,0.0,0.0,28.0,0.0,0.0,0.0,27.0,0.0,0.0,0.0,0.0,8.0,0.0,45.0,0.0,0.0,0.0,0.0,0.0,0.0,0.0,0.0,0.0
user_488,0.0,87.0,0.0,0.0,0.0,0.0,0.0,0.0,0.0,0.0,0.0,0.0,0.0,0.0,19.0,75.0,0.0,0.0,68.0,0.0,0.0,0.0,0.0,66.0,0.0,0.0,0.0,0.0,0.0,0.0,0.0,0.0,0.0,0.0,0.0
user_489,48.0,0.0,0.0,0.0,0.0,0.0,0.0,0.0,0.0,0.0,0.0,23.0,0.0,8.0,0.0,0.0,0.0,0.0,0.0,0.0,29.0,53.0,0.0,0.0,23.0,0.0,0.0,0.0,0.0,0.0,0.0,0.0,0.0,21.0,0.0
user_49,71.0,0.0,0.0,0.0,0.0,65.0,54.0,0.0,0.0,0.0,0.0,0.0,53.0,0.0,0.0,0.0,0.0,0.0,0.0,0.0,0.0,0.0,45.0,0.0,46.0,0.0,0.0,26.0,92.0,0.0,0.0,0.0,0.0,0.0,0.0
user_490,0.0,0.0,0.0,0.0,0.0,88.0,91.0,0.0,0.0,0.0,0.0,0.0,0.0,0.0,78.0,0.0,0.0,0.0,45.0,0.0,0.0,60.0,0.0,74.0,0.0,3.0,83.0,0.0,0.0,0.0,0.0,0.0,0.0,0.0,0.0
user_491,0.0,0.0,0.0,0.0,0.0,0.0,14.0,81.0,0.0,0.0,0.0,0.0,0.0,0.0,0.0,0.0,0.0,0.0,0.0,0.0,0.0,0.0,0.0,0.0,0.0,0.0,50.0,0.0,0.0,0.0,27.0,0.0,13.0,0.0,0.0
user_492,3.0,27.0,0.0,0.0,18.0,0.0,0.0,0.0,0.0,0.0,14.0,0.0,0.0,0.0,0.0,0.0,40.0,0.0,0.0,0.0,10.0,0.0,52.0,0.0,7.0,0.0,0.0,36.0,1.0,0.0,0.0,0.0,0.0,0.0,0.0
user_493,0.0,44.0,0.0,26.0,0.0,0.0,0.0,0.0,0.0,0.0,0.0,0.0,88.0,0.0,0.0,0.0,0.0,0.0,0.0,29.0,0.0,0.0,0.0,12.0,3.0,0.0,0.0,0.0,0.0,50.0,0.0,72.0,0.0,0.0,0.0
user_494,0.0,0.0,0.0,0.0,71.0,0.0,0.0,44.0,0.0,99.0,0.0,0.0,0.0,0.0,0.0,0.0,0.0,0.0,0.0,0.0,4.0,0.0,0.0,0.0,0.0,37.0,80.0,0.0,0.0,0.0,0.0,0.0,0.0,0.0,64.0
user_495,0.0,0.0,0.0,0.0,0.0,0.0,12.0,0.0,53.0,0.0,59.0,0.0,0.0,0.0,0.0,0.0,0.0,0.0,0.0,0.0,0.0,0.0,0.0,0.0,0.0,0.0,0.0,0.0,0.0,15.0,0.0,0.0,0.0,0.0,0.0
user_496,0.0,0.0,0.0,0.0,81.0,0.0,0.0,0.0,0.0,0.0,0.0,0.0,92.0,0.0,0.0,20.0,0.0,0.0,0.0,0.0,0.0,58.0,0.0,0.0,0.0,0.0,40.0,0.0,0.0,0.0,44.0,0.0,0.0,0.0,71.0
user_497,0.0,0.0,0.0,0.0,0.0,78.0,84.0,0.0,0.0,5.0,36.0,0.0,0.0,0.0,0.0,0.0,94.0,0.0,0.0,0.0,0.0,0.0,0.0,0.0,0.0,0.0,0.0,0.0,0.0,0.0,0.0,78.0,1.0,0.0,0.0
user_498,0.0,0.0,74.0,0.0,0.0,0.0,16.0,29.0,37.0,90.0,79.0,0.0,0.0,0.0,0.0,0.0,0.0,0.0,0.0,58.0,0.0,0.0,0.0,0.0,51.0,0.0,0.0,0.0,0.0,0.0,0.0,0.0,25.0,0.0,0.0
user_499,81.0,0.0,0.0,0.0,0.0,0.0,0.0,55.0,0.0,0.0,0.0,0.0,0.0,0.0,0.0,0.0,63.0,0.0,0.0,0.0,0.0,0.0,46.0,0.0,79.0,0.0,57.0,64.0,60.0,0.0,0.0,92.0,0.0,0.0,0.0
user_5,0.0,0.0,0.0,9.0,0.0,0.0,0.0,0.0,0.0,0.0,0.0,47.0,0.0,0.0,0.0,99.0,0.0,44.0,1.0,0.0,0.0,0.0,0.0,0.0,0.0,0.0,0.0,0.0,0.0,0.0,0.0,90.0,0.0,35.0,0.0
user_50,0.0,0.0,1.0,0.0,0.0,0.0,0.0,0.0,0.0,0.0,0.0,36.0,0.0,0.0,0.0,98.0,0.0,73.0,0.0,0.0,26.0,83.0,0.0,0.0,0.0,40.0,42.0,61.0,0.0,0.0,0.0,0.0,0.0,81.0,0.0
user_500,0.0,0.0,0.0,8.0,37.0,83.0,0.0,13.0,0.0,0.0,0.0,0.0,0.0,0.0,0.0,0.0,0.0,0.0,18.0,0.0,0.0,0.0,0.0,0.0,0.0,77.0,90.0,0.0,0.0,92.0,6.0,0.0,0.0,0.0,92.0
user_51,57.0,0.0,0.0,0.0,0.0,0.0,0.0,0.0,0.0,0.0,47.0,44.0,0.0,0.0,0.0,17.0,0.0,0.0,0.0,0.0,49.0,0.0,0.0,0.0,0.0,0.0,0.0,0.0,0.0,0.0,0.0,0.0,0.0,0.0,0.0
user_52,0.0,0.0,0.0,7.0,26.0,0.0,0.0,16.0,0.0,0.0,0.0,0.0,0.0,48.0,0.0,0.0,0.0,0.0,0.0,59.0,0.0,82.0,0.0,0.0,0.0,0.0,85.0,0.0,0.0,0.0,23.0,0.0,0.0,0.0,7.0
user_53,0.0,0.0,0.0,0.0,0.0,55.0,0.0,0.0,0.0,40.0,0.0,0.0,0.0,0.0,0.0,0.0,0.0,37.0,0.0,0.0,0.0,0.0,0.0,0.0,0.0,0.0,0.0,0.0,0.0,0.0,0.0,0.0,0.0,98.0,0.0
user_54,0.0,55.0,0.0,0.0,18.0,0.0,0.0,0.0,0.0,0.0,0.0,0.0,0.0,30.0,0.0,0.0,0.0,0.0,39.0,42.0,0.0,0.0,0.0,0.0,0.0,0.0,0.0,0.0,0.0,0.0,0.0,13.0,0.0,0.0,0.0
user_55,0.0,0.0,0.0,0.0,0.0,0.0,0.0,0.0,0.0,0.0,0.0,0.0,0.0,0.0,10.0,0.0,0.0,0.0,0.0,65.0,0.0,0.0,0.0,84.0,0.0,0.0,0.0,0.0,0.0,0.0,0.0,0.0,0.0,0.0,0.0
user_56,0.0,0.0,0.0,0.0,0.0,0.0,0.0,0.0,0.0,0.0,0.0,88.0,71.0,0.0,0.0,12.0,0.0,37.0,0.0,0.0,62.0,70.0,0.0,0.0,0.0,0.0,98.0,0.0,0.0,4.0,0.0,0.0,0.0,43.0,0.0
user_57,0.0,0.0,61.0,0.0,0.0,0.0,9.0,0.0,20.0,3.0,0.0,0.0,0.0,82.0,0.0,0.0,0.0,0.0,0.0,0.0,0.0,35.0,0.0,0.0,0.0,0.0,0.0,0.0,0.0,88.0,0.0,0.0,5.0,0.0,0.0
user_58,0.0,88.0,0.0,0.0,0.0,5.0,0.0,0.0,0.0,0.0,0.0,25.0,0.0,0.0,0.0,76.0,0.0,0.0,0.0,0.0,9.0,92.0,0.0,0.0,59.0,0.0,0.0,0.0,0.0,0.0,0.0,0.0,0.0,9.0,0.0
user_59,0.0,0.0,0.0,40.0,96.0,80.0,0.0,58.0,0.0,0.0,0.0,0.0,0.0,0.0,0.0,0.0,0.0,0.0,0.0,0.0,0.0,0.0,0.0,77.0,0.0,0.0,81.0,0.0,0.0,0.0,40.0,0.0,0.0,0.0,56.0
user_6,45.0,0.0,0.0,62.0,0.0,30.0,0.0,1.0,0.0,0.0,0.0,0.0,0.0,0.0,0.0,0.0,44.0,0.0,0.0,0.0,0.0,0.0,86.0,0.0,28.0,0.0,0.0,6.0,66.0,0.0,0.0,0.0,0.0,0.0,0.0
user_60,0.0,93.0,0.0,0.0,0.0,17.0,0.0,0.0,0.0,0.0,0.0,0.0,53.0,45.0,0.0,0.0,39.0,0.0,0.0,31.0,0.0,0.0,0.0,0.0,0.0,0.0,0.0,0.0,0.0,2.0,0.0,10.0,46.0,96.0,0.0
user_61,82.0,0.0,12.0,0.0,0.0,14.0,68.0,0.0,20.0,64.0,10.0,0.0,0.0,0.0,0.0,0.0,0.0,0.0,0.0,0.0,0.0,0.0,0.0,0.0,0.0,0.0,0.0,0.0,22.0,0.0,0.0,0.0,93.0,0.0,0.0
user_62,0.0,0.0,0.0,29.0,0.0,0.0,75.0,0.0,87.0,98.0,79.0,0.0,0.0,0.0,0.0,0.0,0.0,0.0,0.0,0.0,0.0,0.0,0.0,0.0,0.0,0.0,0.0,0.0,0.0,0.0,0.0,81.0,0.0,0.0,0.0
user_63,0.0,0.0,0.0,0.0,0.0,6.0,0.0,0.0,0.0,0.0,0.0,38.0,0.0,0.0,47.0,1.0,0.0,0.0,93.0,0.0,0.0,0.0,0.0,56.0,0.0,59.0,0.0,57.0,0.0,0.0,0.0,0.0,3.0,0.0,0.0
user_64,0.0,0.0,46.0,0.0,0.0,0.0,0.0,0.0,0.0,0.0,0.0,0.0,0.0,0.0,89.0,0.0,0.0,0.0,8.0,0.0,0.0,0.0,0.0,93.0,0.0,0.0,0.0,0.0,0.0,0.0,0.0,0.0,71.0,0.0,0.0
user_65,0.0,0.0,0.0,0.0,0.0,81.0,0.0,0.0,41.0,33.0,0.0,0.0,0.0,0.0,38.0,0.0,0.0,0.0,2.0,0.0,0.0,0.0,0.0,64.0,0.0,60.0,0.0,0.0,0.0,0.0,0.0,95.0,18.0,0.0,0.0
user_66,0.0,0.0,0.0,40.0,97.0,0.0,0.0,0.0,0.0,77.0,0.0,0.0,0.0,77.0,0.0,0.0,0.0,0.0,0.0,0.0,0.0,0.0,0.0,0.0,0.0,0.0,0.0,0.0,0.0,0.0,0.0,0.0,0.0,0.0,97.0
user_67,6.0,0.0,0.0,0.0,0.0,0.0,0.0,0.0,0.0,0.0,7.0,0.0,0.0,0.0,0.0,0.0,95.0,0.0,0.0,0.0,0.0,92.0,0.0,0.0,6.0,62.0,0.0,76.0,67.0,0.0,0.0,0.0,0.0,0.0,0.0
user_68,0.0,0.0,14.0,0.0,0.0,0.0,0.0,0.0,82.0,87.0,13.0,45.0,0.0,0.0,0.0,0.0,0.0,0.0,19.0,0.0,0.0,0.0,0.0,0.0,0.0,0.0,0.0,0.0,0.0,0.0,0.0,0.0,0.0,0.0,0.0
user_69,0.0,0.0,0.0,0.0,0.0,35.0,0.0,0.0,0.0,0.0,0.0,0.0,0.0,0.0,28.0,0.0,0.0,0.0,22.0,0.0,0.0,0.0,0.0,96.0,49.0,59.0,0.0,7.0,0.0,0.0,0.0,0.0,0.0,93.0,0.0
user_7,92.0,2.0,59.0,0.0,0.0,0.0,12.0,0.0,3.0,58.0,62.0,0.0,0.0,0.0,0.0,0.0,0.0,0.0,0.0,1.0,96.0,0.0,0.0,0.0,0.0,0.0,0.0,0.0,0.0,0.0,0.0,0.0,56.0,0.0,0.0
user_70,18.0,99.0,0.0,0.0,0.0,0.0,0.0,0.0,0.0,0.0,0.0,0.0,0.0,0.0,0.0,0.0,12.0,0.0,15.0,8.0,0.0,0.0,36.0,0.0,66.0,0.0,0.0,58.0,98.0,0.0,0.0,0.0,0.0,0.0,0.0
user_71,0.0,0.0,0.0,84.0,35.0,5.0,0.0,28.0,0.0,0.0,56.0,0.0,0.0,0.0,0.0,0.0,0.0,0.0,0.0,0.0,0.0,0.0,0.0,0.0,0.0,40.0,14.0,0.0,0.0,0.0,89.0,0.0,0.0,0.0,70.0
user_72,76.0,0.0,0.0,0.0,0.0,76.0,0.0,0.0,0.0,0.0,0.0,0.0,0.0,0.0,28.0,0.0,37.0,0.0,57.0,0.0,0.0,0.0,0.0,8.0,0.0,5.0,0.0,0.0,0.0,49.0,0.0,0.0,0.0,0.0,0.0
user_73,0.0,0.0,59.0,0.0,0.0,0.0,1.0,43.0,70.0,51.0,26.0,0.0,0.0,0.0,0.0,0.0,0.0,0.0,0.0,0.0,0.0,0.0,0.0,0.0,0.0,0.0,0.0,20.0,88.0,0.0,0.0,0.0,33.0,0.0,0.0
user_74,0.0,0.0,0.0,0.0,0.0,0.0,8.0,0.0,0.0,0.0,0.0,0.0,0.0,52.0,0.0,0.0,0.0,0.0,0.0,0.0,0.0,0.0,0.0,85.0,0.0,0.0,0.0,0.0,0.0,0.0,0.0,23.0,0.0,0.0,0.0
user_75,0.0,0.0,0.0,0.0,0.0,46.0,0.0,0.0,0.0,0.0,0.0,0.0,0.0,0.0,72.0,0.0,0.0,0.0,76.0,0.0,0.0,0.0,0.0,82.0,19.0,26.0,0.0,48.0,33.0,0.0,0.0,0.0,0.0,0.0,0.0
user_76,0.0,75.0,0.0,0.0,0.0,0.0,0.0,0.0,0.0,0.0,0.0,0.0,98.0,4.0,0.0,0.0,0.0,0.0,0.0,70.0,0.0,0.0,0.0,0.0,0.0,0.0,88.0,0.0,23.0,31.0,0.0,82.0,0.0,0.0,85.0
user_77,0.0,5.0,70.0,0.0,0.0,0.0,72.0,0.0,3.0,26.0,93.0,0.0,0.0,0.0,0.0,79.0,0.0,0.0,48.0,0.0,0.0,0.0,0.0,0.0,0.0,0.0,0.0,0.0,0.0,25.0,0.0,0.0,66.0,0.0,0.0
user_78,0.0,0.0,86.0,0.0,0.0,0.0,68.0,0.0,21.0,34.0,51.0,0.0,0.0,0.0,2.0,0.0,0.0,35.0,0.0,0.0,0.0,0.0,0.0,0.0,0.0,36.0,0.0,0.0,0.0,0.0,0.0,0.0,52.0,0.0,29.0
user_79,0.0,0.0,0.0,0.0,0.0,84.0,44.0,0.0,0.0,0.0,0.0,0.0,0.0,0.0,42.0,0.0,0.0,0.0,0.0,0.0,0.0,0.0,0.0,42.0,0.0,7.0,47.0,0.0,0.0,0.0,0.0,0.0,0.0,0.0,0.0
user_8,0.0,0.0,16.0,98.0,0.0,0.0,0.0,0.0,0.0,0.0,0.0,73.0,0.0,0.0,0.0,0.0,0.0,0.0,0.0,0.0,0.0,0.0,0.0,0.0,0.0,0.0,38.0,0.0,0.0,0.0,0.0,0.0,0.0,0.0,0.0
user_80,0.0,0.0,0.0,0.0,74.0,60.0,0.0,0.0,0.0,0.0,0.0,0.0,0.0,89.0,72.0,0.0,0.0,0.0,50.0,0.0,0.0,0.0,0.0,26.0,0.0,37.0,0.0,0.0,19.0,0.0,0.0,0.0,0.0,0.0,0.0
user_81,2.0,0.0,0.0,18.0,0.0,0.0,0.0,0.0,0.0,0.0,0.0,0.0,0.0,0.0,42.0,0.0,10.0,0.0,0.0,0.0,0.0,0.0,57.0,0.0,0.0,0.0,7.0,78.0,0.0,0.0,0.0,0.0,0.0,0.0,0.0
user_82,0.0,0.0,0.0,0.0,0.0,0.0,0.0,0.0,0.0,0.0,0.0,0.0,36.0,0.0,0.0,0.0,0.0,0.0,0.0,0.0,97.0,0.0,0.0,0.0,0.0,0.0,0.0,0.0,0.0,42.0,0.0,0.0,0.0,0.0,0.0
user_83,87.0,0.0,0.0,0.0,0.0,2.0,0.0,8.0,0.0,0.0,0.0,87.0,0.0,0.0,0.0,86.0,0.0,8.0,0.0,35.0,67.0,58.0,0.0,0.0,0.0,0.0,0.0,0.0,0.0,0.0,0.0,0.0,0.0,27.0,0.0
user_84,8.0,0.0,0.0,0.0,0.0,0.0,0.0,0.0,0.0,0.0,0.0,0.0,0.0,5.0,0.0,0.0,0.0,0.0,0.0,65.0,0.0,0.0,17.0,0.0,3.0,0.0,0.0,0.0,23.0,0.0,0.0,0.0,0.0,0.0,0.0
user_85,0.0,0.0,0.0,66.0,0.0,0.0,75.0,0.0,0.0,0.0,0.0,0.0,91.0,0.0,0.0,0.0,0.0,0.0,0.0,0.0,0.0,0.0,0.0,0.0,0.0,0.0,14.0,0.0,0.0,0.0,85.0,0.0,73.0,0.0,97.0
user_86,0.0,0.0,45.0,0.0,0.0,35.0,80.0,0.0,12.0,30.0,42.0,0.0,0.0,0.0,0.0,0.0,0.0,0.0,0.0,0.0,14.0,0.0,0.0,0.0,0.0,0.0,0.0,0.0,0.0,0.0,0.0,0.0,30.0,0.0,0.0
user_87,0.0,0.0,0.0,0.0,0.0,0.0,0.0,0.0,0.0,0.0,0.0,54.0,0.0,0.0,0.0,0.0,0.0,0.0,0.0,0.0,36.0,0.0,0.0,0.0,0.0,0.0,0.0,0.0,80.0,0.0,0.0,0.0,0.0,0.0,0.0
user_88,0.0,0.0,0.0,0.0,31.0,34.0,0.0,0.0,0.0,0.0,0.0,43.0,0.0,0.0,0.0,32.0,0.0,60.0,0.0,0.0,60.0,13.0,0.0,89.0,0.0,5.0,0.0,0.0,0.0,0.0,0.0,0.0,0.0,18.0,0.0
user_89,0.0,0.0,0.0,52.0,63.0,0.0,0.0,52.0,0.0,0.0,0.0,63.0,0.0,0.0,0.0,0.0,0.0,99.0,0.0,92.0,0.0,0.0,0.0,0.0,0.0,0.0,4.0,0.0,0.0,0.0,97.0,0.0,0.0,86.0,38.0
user_9,0.0,0.0,16.0,0.0,0.0,0.0,99.0,0.0,0.0,0.0,0.0,33.0,0.0,0.0,0.0,23.0,0.0,0.0,0.0,0.0,92.0,1.0,0.0,60.0,0.0,0.0,0.0,0.0,0.0,0.0,0.0,0.0,0.0,89.0,0.0
user_90,0.0,0.0,0.0,81.0,60.0,0.0,0.0,85.0,0.0,0.0,0.0,0.0,26.0,0.0,0.0,0.0,52.0,0.0,63.0,0.0,0.0,0.0,0.0,0.0,0.0,0.0,45.0,0.0,0.0,0.0,82.0,0.0,0.0,0.0,85.0
user_91,0.0,0.0,0.0,0.0,0.0,0.0,0.0,1.0,0.0,0.0,0.0,0.0,0.0,0.0,0.0,0.0,42.0,0.0,0.0,0.0,0.0,0.0,0.0,0.0,64.0,0.0,0.0,9.0,42.0,0.0,60.0,0.0,0.0,0.0,0.0
user_92,0.0,83.0,0.0,0.0,0.0,5.0,1.0,0.0,0.0,0.0,0.0,0.0,32.0,87.0,0.0,0.0,0.0,0.0,0.0,8.0,0.0,0.0,0.0,0.0,0.0,0.0,0.0,0.0,24.0,65.0,0.0,72.0,51.0,0.0,0.0
user_93,0.0,0.0,36.0,0.0,0.0,38.0,0.0,0.0,0.0,0.0,0.0,0.0,0.0,0.0,81.0,67.0,0.0,0.0,73.0,0.0,0.0,0.0,0.0,5.0,0.0,58.0,0.0,0.0,0.0,0.0,0.0,0.0,0.0,79.0,0.0
user_94,0.0,0.0,89.0,98.0,10.0,0.0,0.0,32.0,0.0,0.0,0.0,0.0,0.0,0.0,0.0,0.0,0.0,0.0,0.0,0.0,0.0,0.0,25.0,78.0,0.0,0.0,55.0,22.0,0.0,0.0,40.0,0.0,0.0,0.0,13.0
user_95,0.0,0.0,0.0,47.0,12.0,0.0,0.0,0.0,0.0,0.0,0.0,0.0,21.0,0.0,0.0,0.0,0.0,0.0,0.0,0.0,0.0,96.0,0.0,0.0,0.0,0.0,32.0,0.0,0.0,0.0,21.0,0.0,0.0,0.0,0.0
user_96,0.0,0.0,30.0,0.0,37.0,23.0,0.0,50.0,0.0,0.0,0.0,0.0,0.0,0.0,0.0,0.0,0.0,0.0,0.0,0.0,0.0,0.0,63.0,0.0,0.0,0.0,97.0,0.0,0.0,0.0,23.0,0.0,0.0,0.0,77.0
user_97,9.0,98.0,0.0,41.0,0.0,0.0,36.0,0.0,0.0,0.0,0.0,0.0,89.0,0.0,0.0,0.0,0.0,0.0,0.0,27.0,0.0,0.0,0.0,0.0,0.0,0.0,0.0,0.0,0.0,21.0,0.0,0.0,0.0,0.0,0.0
user_98,26.0,0.0,0.0,0.0,0.0,0.0,0.0,0.0,0.0,0.0,0.0,0.0,0.0,74.0,45.0,0.0,56.0,0.0,0.0,0.0,0.0,0.0,4.0,0.0,58.0,0.0,60.0,85.0,10.0,0.0,0.0,0.0,17.0,0.0,0.0
user_99,0.0,0.0,0.0,0.0,0.0,0.0,0.0,0.0,0.0,49.0,0.0,0.0,0.0,0.0,82.0,0.0,0.0,0.0,60.0,0.0,0.0,0.0,0.0,0.0,0.0,31.0,0.0,22.0,0.0,0.0,0.0,0.0,0.0,0.0,0.0
