UserID,num_artists,total_plays,avg_plays,genre_diversity,dominant_genre,Cluster
user_1,10,583.0,58.3,1.37095059402186,Electronic,0
user_10,3,167.0,55.666666666666664,0.9182958337659504,Rock,3
user_100,10,519.0,51.9,1.5709505938775907,Electronic,0
user_101,5,238.0,47.6,1.37095059402186,Rock,3
user_102,3,98.0,32.666666666666664,0.9182958337659504,Electronic,0
user_103,8,418.0,52.25,0.954434002636426,Electronic,1
user_104,9,329.0,36.55555555555556,1.2243944449731774,Electronic,0
user_105,8,441.0,55.125,1.29879494026259,Jazz,1
user_106,4,217.0,54.25,1.4999999995671913,Pop,5
user_107,10,511.0,51.1,1.5709505938775907,Hip-Hop,2
user_108,7,290.0,41.42857142857143,1.6644977786233832,Hip-Hop,2
user_109,3,90.0,30.0,0.9182958337659504,Electronic,1
user_11,10,421.0,42.1,1.37095059402186,Electronic,0
user_110,8,367.0,45.875,1.29879494026259,Jazz,1
user_111,8,481.0,60.125,1.5487949401183205,Electronic,0
user_112,10,371.0,37.1,1.5709505938775907,Rock,3
user_113,6,416.0,69.33333333333333,1.2516291669550144,Classical,4
user_114,3,166.0,55.333333333333336,0.9182958337659504,Electronic,5
user_115,9,448.0,49.77777777777778,1.2243944449731774,Electronic,0
user_116,10,442.0,44.2,1.7709505937333212,Rock,3
user_117,8,371.0,46.375,1.29879494026259,Electronic,4
user_118,8,513.0,64.125,1.0612781240263243,Pop,5
user_119,9,397.0,44.111111111111114,1.4466166670511302,Pop,5
user_12,9,423.0,47.0,1.4466166670511302,Classical,4
user_120,10,469.0,46.9,1.9609640467223337,Jazz,1
user_121,9,564.0,62.666666666666664,1.4466166670511302,Hip-Hop,2
user_122,8,466.0,58.25,1.5487949401183205,Jazz,1
user_123,8,361.0,45.125,1.29879494026259,Jazz,1
user_124,4,136.0,34.0,1.4999999995671913,Pop,5
user_125,10,529.0,52.9,1.2954618438055134,Classical,4
user_126,5,329.0,65.8,0.9709505941661296,Rock,1
user_127,5,288.0,57.6,1.37095059402186,Electronic,0
user_128,11,605.0,55.0,1.617189572015637,Classical,4
user_129,10,630.0,63.0,1.5709505938775907,Hip-Hop,2
user_13,10,357.0,35.7,1.5709505938775907,Electronic,0
user_130,3,74.0,24.666666666666668,0.9182958337659504,Rock,1
user_131,4,232.0,58.0,1.4999999995671913,Hip-Hop,1
user_132,9,309.0,34.333333333333336,1.2243944449731774,Hip-Hop,2
user_133,8,512.0,64.0,1.29879494026259,Pop,5
user_134,10,395.0,39.5,1.2954618438055134,Pop,5
user_135,3,57.0,19.0,0.9182958337659504,Rock,1
user_136,10,535.0,53.5,1.5709505938775907,Electronic,0
user_137,4,192.0,48.0,1.4999999995671913,Jazz,1
user_138,3,123.0,41.0,0.9182958337659504,Pop,2
user_139,10,498.0,49.8,1.5709505938775907,Electronic,0
user_14,4,282.0,70.5,1.4999999995671913,Hip-Hop,2
user_140,9,490.0,54.44444444444444,1.2243944449731774,Rock,3
user_141,10,587.0,58.7,1.7709505937333212,Electronic,0
user_142,8,385.0,48.125,1.29879494026259,Electronic,0
user_143,5,273.0,54.6,1.37095059402186,Classical,4
user_144,10,576.0,57.6,1.7709505937333212,Hip-Hop,2
user_145,8,328.0,41.0,1.5487949401183205,Classical,4
user_146,5,380.0,76.0,1.37095059402186,Rock,3
user_147,6,277.0,46.166666666666664,1.2516291669550144,Electronic,0
user_148,4,195.0,48.75,1.4999999995671913,Classical,4
user_149,6,269.0,44.833333333333336,1.2516291669550144,Jazz,1
user_15,10,387.0,38.7,1.7709505937333212,Pop,5
user_150,4,211.0,52.75,1.4999999995671913,Electronic,0
user_151,10,530.0,53.0,1.5709505938775907,Pop,5
user_152,10,478.0,47.8,1.5709505938775907,Rock,3
user_153,10,564.0,56.4,1.5709505938775907,Classical,4
user_154,5,233.0,46.6,1.37095059402186,Hip-Hop,2
user_155,6,312.0,52.0,1.2516291669550144,Pop,5
user_156,7,338.0,48.285714285714285,1.6644977786233832,Hip-Hop,2
user_157,10,565.0,56.5,1.7709505937333212,Rock,3
user_158,9,396.0,44.0,1.2243944449731774,Hip-Hop,2
user_159,3,171.0,57.0,0.9182958337659504,Electronic,2
user_16,10,554.0,55.4,1.5709505938775907,Electronic,0
user_160,10,565.0,56.5,1.760964046866603,Jazz,1
user_161,10,540.0,54.0,1.5709505938775907,Hip-Hop,2
user_162,5,325.0,65.0,1.37095059402186,Classical,4
user_163,4,158.0,39.5,1.4999999995671913,Pop,1
user_164,10,407.0,40.7,1.7709505937333212,Rock,3
user_165,9,434.0,48.22222222222222,1.4466166670511302,Hip-Hop,2
user_166,10,474.0,47.4,1.5709505938775907,Classical,4
user_167,10,426.0,42.6,1.37095059402186,Hip-Hop,2
user_168,3,127.0,42.333333333333336,0.9182958337659504,Pop,5
user_169,11,513.0,46.63636363636363,1.8676338902498646,Classical,4
user_17,10,603.0,60.3,1.760964046866603,Jazz,1
user_170,7,362.0,51.714285714285715,0.8631205682780919,Rock,3
user_171,4,232.0,58.0,1.4999999995671913,Electronic,0
user_172,10,531.0,53.1,1.5709505938775907,Electronic,0
user_173,11,452.0,41.09090909090909,1.6858157085759522,Rock,3
user_174,9,498.0,55.333333333333336,1.4466166670511302,Electronic,0
user_175,3,132.0,44.0,0.9182958337659504,Jazz,1
user_176,8,315.0,39.375,1.29879494026259,Hip-Hop,2
user_177,4,98.0,24.5,1.4999999995671913,Hip-Hop,1
user_178,4,200.0,50.0,0.9999999997114609,Classical,2
user_179,9,569.0,63.22222222222222,1.2243944449731774,Pop,5
user_18,7,401.0,57.285714285714285,1.6644977786233832,Hip-Hop,2
user_180,9,474.0,52.666666666666664,1.4466166670511302,Hip-Hop,2
user_181,3,149.0,49.666666666666664,0.9182958337659504,Pop,5
user_182,9,446.0,49.55555555555556,1.2243944449731774,Classical,4
user_183,7,314.0,44.857142857142854,1.6644977786233832,Electronic,0
user_184,10,496.0,49.6,1.7709505937333212,Pop,5
user_185,8,385.0,48.125,1.5487949401183205,Jazz,1
user_186,6,332.0,55.333333333333336,1.2516291669550144,Rock,3
user_187,9,510.0,56.666666666666664,1.2243944449731774,Hip-Hop,2
user_188,9,630.0,70.0,1.2243944449731774,Electronic,0
user_189,3,155.0,51.666666666666664,0.9182958337659504,Pop,5
user_19,9,502.0,55.77777777777778,1.2243944449731774,Rock,3
user_190,5,256.0,51.2,0.9709505941661296,Pop,5
user_191,10,388.0,38.8,1.37095059402186,Electronic,0
user_192,8,515.0,64.375,0.954434002636426,Classical,4
user_193,10,429.0,42.9,1.5709505938775907,Classical,4
user_194,9,557.0,61.888888888888886,1.4466166670511302,Rock,3
user_195,9,354.0,39.333333333333336,1.4466166670511302,Rock,3
user_196,9,339.0,37.666666666666664,1.2243944449731774,Classical,4
user_197,9,384.0,42.666666666666664,1.2243944449731774,Electronic,0
user_198,6,227.0,37.833333333333336,0.9182958337659504,Electronic,0
user_199,8,378.0,47.25,1.5487949401183205,Jazz,1
user_2,9,346.0,38.44444444444444,1.4466166670511302,Electronic,0
user_20,6,287.0,47.833333333333336,1.2516291669550144,Pop,5
user_200,3,164.0,54.666666666666664,0.9182958337659504,Electronic,2
user_201,5,337.0,67.4,0.9709505941661296,Rock,3
user_202,4,177.0,44.25,1.4999999995671913,Electronic,0
user_203,10,456.0,45.6,1.37095059402186,Hip-Hop,2
user_204,10,393.0,39.3,1.2954618438055134,Electronic,0
user_205,8,359.0,44.875,1.5487949401183205,Pop,5
user_206,4,264.0,66.0,1.4999999995671913,Rock,3
user_207,10,624.0,62.4,1.5709505938775907,Hip-Hop,2
user_208,7,265.0,37.857142857142854,1.378783493053367,Electronic,0
user_209,11,712.0,64.72727272727273,1.8676338902498646,Rock,3
user_21,7,158.0,22.571428571428573,1.378783493053367,Jazz,1
user_210,9,351.0,39.0,1.2243944449731774,Electronic,1
user_211,6,337.0,56.166666666666664,1.2516291669550144,Jazz,1
user_212,10,646.0,64.6,1.5709505938775907,Classical,4
user_213,8,426.0,53.25,1.5487949401183205,Jazz,1
user_214,5,350.0,70.0,1.37095059402186,Electronic,0
user_215,5,198.0,39.6,1.37095059402186,Rock,1
user_216,3,133.0,44.333333333333336,0.9182958337659504,Classical,4
user_217,7,313.0,44.714285714285715,0.8631205682780919,Rock,3
user_218,10,532.0,53.2,1.37095059402186,Electronic,0
user_219,10,356.0,35.6,1.2954618438055134,Rock,3
user_22,10,470.0,47.0,1.5709505938775907,Hip-Hop,2
user_220,5,150.0,30.0,1.37095059402186,Electronic,0
user_221,9,346.0,38.44444444444444,1.4466166670511302,Rock,3
user_222,8,528.0,66.0,1.29879494026259,Electronic,0
user_223,9,267.0,29.666666666666668,1.2243944449731774,Classical,4
user_224,5,273.0,54.6,1.37095059402186,Jazz,1
user_225,8,353.0,44.125,1.5487949401183205,Pop,5
user_226,11,504.0,45.81818181818182,1.6858157085759522,Hip-Hop,2
user_227,8,430.0,53.75,1.29879494026259,Jazz,1
user_228,11,503.0,45.72727272727273,1.6858157085759522,Hip-Hop,2
user_229,8,383.0,47.875,1.29879494026259,Jazz,1
user_23,9,478.0,53.111111111111114,1.3516441147205838,Jazz,1
user_230,9,577.0,64.11111111111111,1.2243944449731774,Electronic,0
user_231,10,391.0,39.1,1.37095059402186,Rock,3
user_232,6,248.0,41.333333333333336,0.9182958337659504,Jazz,5
user_233,8,456.0,57.0,1.29879494026259,Rock,3
user_234,7,302.0,43.142857142857146,1.1488348538481081,Hip-Hop,2
user_235,8,404.0,50.5,1.5487949401183205,Jazz,1
user_236,9,384.0,42.666666666666664,1.2243944449731774,Classical,4
user_237,9,418.0,46.44444444444444,1.6577427259278108,Jazz,1
user_238,6,360.0,60.0,1.2516291669550144,Classical,4
user_239,10,646.0,64.6,1.5709505938775907,Classical,4
user_24,3,106.0,35.333333333333336,0.9182958337659504,Pop,5
user_240,10,492.0,49.2,1.2954618438055134,Pop,5
user_241,3,151.0,50.333333333333336,0.9182958337659504,Classical,5
user_242,5,260.0,52.0,1.37095059402186,Electronic,0
user_243,8,471.0,58.875,1.29879494026259,Hip-Hop,2
user_244,10,632.0,63.2,1.5709505938775907,Hip-Hop,2
user_245,6,381.0,63.5,0.9182958337659504,Classical,4
user_246,8,389.0,48.625,1.5487949401183205,Jazz,1
user_247,4,206.0,51.5,1.4999999995671913,Rock,1
user_248,5,239.0,47.8,1.37095059402186,Rock,3
user_249,8,455.0,56.875,1.29879494026259,Electronic,0
user_25,6,389.0,64.83333333333333,1.2516291669550144,Electronic,0
user_250,7,216.0,30.857142857142858,1.378783493053367,Hip-Hop,2
user_251,11,457.0,41.54545454545455,1.8676338902498646,Hip-Hop,2
user_252,8,263.0,32.875,1.29879494026259,Electronic,0
user_253,10,464.0,46.4,1.37095059402186,Electronic,0
user_254,8,358.0,44.75,1.0612781240263243,Hip-Hop,2
user_255,8,393.0,49.125,1.29879494026259,Electronic,0
user_256,8,465.0,58.125,1.5487949401183205,Rock,3
user_257,3,95.0,31.666666666666668,0.9182958337659504,Pop,5
user_258,9,500.0,55.55555555555556,1.2243944449731774,Rock,3
user_259,7,393.0,56.142857142857146,1.378783493053367,Pop,5
user_26,8,393.0,49.125,1.29879494026259,Jazz,1
user_260,9,380.0,42.22222222222222,1.2243944449731774,Pop,5
user_261,4,186.0,46.5,1.4999999995671913,Electronic,1
user_262,7,343.0,49.0,1.6644977786233832,Jazz,1
user_263,5,346.0,69.2,0.7219280945988233,Hip-Hop,2
user_264,8,379.0,47.375,1.29879494026259,Rock,3
user_265,5,337.0,67.4,1.37095059402186,Jazz,1
user_266,7,376.0,53.714285714285715,1.378783493053367,Electronic,0
user_267,11,550.0,50.0,1.8676338902498646,Pop,5
user_268,6,377.0,62.833333333333336,0.9182958337659504,Rock,3
user_269,10,463.0,46.3,1.37095059402186,Rock,3
user_27,9,380.0,42.22222222222222,1.4466166670511302,Rock,3
user_270,10,454.0,45.4,1.2954618438055134,Electronic,0
user_271,4,317.0,79.25,1.4999999995671913,Jazz,1
user_272,10,490.0,49.0,1.5709505938775907,Rock,3
user_273,3,142.0,47.333333333333336,0.9182958337659504,Electronic,5
user_274,7,321.0,45.857142857142854,1.378783493053367,Pop,5
user_275,9,437.0,48.55555555555556,1.2243944449731774,Pop,5
user_276,3,166.0,55.333333333333336,0.9182958337659504,Rock,3
user_277,8,338.0,42.25,1.5487949401183205,Electronic,0
user_278,7,398.0,56.857142857142854,1.1488348538481081,Jazz,1
user_279,9,344.0,38.22222222222222,1.2243944449731774,Electronic,0
user_28,4,296.0,74.0,1.4999999995671913,Hip-Hop,2
user_280,9,596.0,66.22222222222223,1.4466166670511302,Hip-Hop,2
user_281,8,409.0,51.125,1.5487949401183205,Pop,5
user_282,9,358.0,39.77777777777778,1.2243944449731774,Electronic,0
user_283,9,314.0,34.888888888888886,1.4466166670511302,Classical,4
user_284,10,320.0,32.0,1.5709505938775907,Rock,3
user_285,10,630.0,63.0,1.37095059402186,Classical,4
user_286,9,322.0,35.77777777777778,1.4466166670511302,Hip-Hop,2
user_287,7,309.0,44.142857142857146,1.1488348538481081,Hip-Hop,2
user_288,3,242.0,80.66666666666667,0.9182958337659504,Jazz,1
user_289,6,310.0,51.666666666666664,1.2516291669550144,Hip-Hop,2
user_29,4,90.0,22.5,1.4999999995671913,Rock,3
user_290,4,287.0,71.75,0.9999999997114609,Electronic,1
user_291,8,415.0,51.875,0.8112781241705938,Classical,4
user_292,3,241.0,80.33333333333333,0.9182958337659504,Pop,5
user_293,10,388.0,38.8,1.37095059402186,Hip-Hop,2
user_294,6,394.0,65.66666666666667,1.2516291669550144,Jazz,1
user_295,3,72.0,24.0,0.9182958337659504,Classical,1
user_296,5,172.0,34.4,1.37095059402186,Classical,4
user_297,9,421.0,46.77777777777778,1.4466166670511302,Hip-Hop,2
user_298,10,455.0,45.5,1.2954618438055134,Electronic,0
user_299,5,359.0,71.8,1.37095059402186,Hip-Hop,2
user_3,8,452.0,56.5,1.29879494026259,Classical,4
user_30,9,302.0,33.55555555555556,1.2243944449731774,Pop,5
user_300,3,74.0,24.666666666666668,0.9182958337659504,Jazz,1
user_301,9,543.0,60.333333333333336,1.3516441147205838,Jazz,1
user_302,9,503.0,55.888888888888886,1.8799649480057634,Jazz,1
user_303,10,461.0,46.1,1.5709505938775907,Hip-Hop,2
user_304,10,395.0,39.5,1.7709505937333212,Classical,4
user_305,7,282.0,40.285714285714285,1.378783493053367,Classical,4
user_306,10,651.0,65.1,1.5709505938775907,Classical,4
user_307,9,534.0,59.333333333333336,1.8799649480057634,Jazz,1
user_308,8,355.0,44.375,1.29879494026259,Jazz,1
user_309,10,389.0,38.9,1.5709505938775907,Hip-Hop,2
user_31,8,374.0,46.75,0.954434002636426,Rock,3
user_310,10,498.0,49.8,1.5709505938775907,Electronic,0
user_311,10,432.0,43.2,1.5709505938775907,Pop,5
user_312,7,422.0,60.285714285714285,1.1488348538481081,Electronic,0
user_313,8,420.0,52.5,1.5487949401183205,Jazz,1
user_314,4,264.0,66.0,1.4999999995671913,Electronic,0
user_315,8,479.0,59.875,1.5487949401183205,Hip-Hop,2
user_316,4,180.0,45.0,1.4999999995671913,Pop,5
user_317,10,553.0,55.3,1.5709505938775907,Electronic,0
user_318,5,393.0,78.6,1.37095059402186,Rock,3
user_319,4,93.0,23.25,1.4999999995671913,Rock,1
user_32,6,160.0,26.666666666666668,0.9182958337659504,Hip-Hop,2
user_320,8,419.0,52.375,1.0612781240263243,Pop,5
user_321,10,355.0,35.5,1.5709505938775907,Classical,4
user_322,9,577.0,64.11111111111111,1.2243944449731774,Rock,3
user_323,8,315.0,39.375,1.5487949401183205,Jazz,1
user_324,10,613.0,61.3,1.9609640467223337,Jazz,1
user_325,11,659.0,59.90909090909091,1.6858157085759522,Electronic,0
user_326,8,398.0,49.75,1.5487949401183205,Jazz,1
user_327,3,171.0,57.0,0.9182958337659504,Classical,4
user_328,8,374.0,46.75,1.5487949401183205,Hip-Hop,2
user_329,9,430.0,47.77777777777778,1.4466166670511302,Rock,3
user_33,9,405.0,45.0,1.6577427259278108,Jazz,1
user_330,4,93.0,23.25,1.4999999995671913,Hip-Hop,2
user_331,4,233.0,58.25,1.4999999995671913,Jazz,1
user_332,3,113.0,37.666666666666664,0.9182958337659504,Classical,4
user_333,3,131.0,43.666666666666664,0.9182958337659504,Hip-Hop,2
user_334,7,341.0,48.714285714285715,1.378783493053367,Rock,3
user_335,5,236.0,47.2,1.37095059402186,Pop,2
user_336,5,380.0,76.0,1.37095059402186,Classical,4
user_337,8,549.0,68.625,1.5487949401183205,Electronic,0
user_338,6,203.0,33.833333333333336,1.2516291669550144,Classical,4
user_339,8,536.0,67.0,1.5487949401183205,Rock,3
user_34,3,96.0,32.0,0.9182958337659504,Pop,5
user_340,9,403.0,44.77777777777778,1.6577427259278108,Jazz,1
user_341,10,343.0,34.3,1.7709505937333212,Pop,5
user_342,3,130.0,43.333333333333336,0.9182958337659504,Classical,4
user_343,10,643.0,64.3,1.37095059402186,Electronic,0
user_344,10,490.0,49.0,1.5709505938775907,Pop,5
user_345,10,433.0,43.3,1.5709505938775907,Rock,3
user_346,10,509.0,50.9,1.5709505938775907,Rock,3
user_347,3,83.0,27.666666666666668,0.9182958337659504,Classical,1
user_348,7,225.0,32.142857142857146,1.1488348538481081,Pop,5
user_349,10,575.0,57.5,1.7709505937333212,Rock,3
user_35,9,436.0,48.44444444444444,1.2243944449731774,Electronic,0
user_350,9,538.0,59.77777777777778,1.2243944449731774,Electronic,0
user_351,8,350.0,43.75,1.5487949401183205,Hip-Hop,2
user_352,3,110.0,36.666666666666664,0.9182958337659504,Classical,1
user_353,9,671.0,74.55555555555556,1.2243944449731774,Electronic,0
user_354,10,390.0,39.0,1.2954618438055134,Rock,4
user_355,8,512.0,64.0,1.5487949401183205,Jazz,1
user_356,9,424.0,47.111111111111114,1.6577427259278108,Jazz,1
user_357,10,444.0,44.4,1.5709505938775907,Pop,5
user_358,9,521.0,57.888888888888886,1.435520503849858,Jazz,1
user_359,4,235.0,58.75,1.4999999995671913,Pop,4
user_36,8,395.0,49.375,1.5487949401183205,Rock,3
user_360,9,529.0,58.77777777777778,1.2243944449731774,Electronic,0
user_361,9,457.0,50.77777777777778,1.2243944449731774,Electronic,0
user_362,9,402.0,44.666666666666664,1.2243944449731774,Classical,4
user_363,3,186.0,62.0,0.9182958337659504,Jazz,1
user_364,4,197.0,49.25,0.9999999997114609,Electronic,0
user_365,5,325.0,65.0,1.37095059402186,Electronic,0
user_366,4,220.0,55.0,1.4999999995671913,Hip-Hop,2
user_367,4,147.0,36.75,1.4999999995671913,Classical,5
user_368,8,386.0,48.25,1.29879494026259,Classical,4
user_369,10,471.0,47.1,1.5709505938775907,Rock,3
user_37,10,495.0,49.5,1.9609640467223337,Jazz,1
user_370,9,404.0,44.888888888888886,1.2243944449731774,Pop,5
user_371,9,329.0,36.55555555555556,1.4466166670511302,Pop,5
user_372,9,429.0,47.666666666666664,1.4466166670511302,Hip-Hop,2
user_373,7,302.0,43.142857142857146,1.6644977786233832,Jazz,1
user_374,9,464.0,51.55555555555556,1.435520503849858,Jazz,1
user_375,3,165.0,55.0,0.9182958337659504,Pop,5
user_376,3,180.0,60.0,0.9182958337659504,Hip-Hop,2
user_377,9,439.0,48.77777777777778,1.4466166670511302,Pop,5
user_378,10,589.0,58.9,1.37095059402186,Electronic,0
user_379,5,302.0,60.4,1.37095059402186,Classical,4
user_38,7,338.0,48.285714285714285,1.1488348538481081,Jazz,1
user_380,3,127.0,42.333333333333336,0.9182958337659504,Classical,4
user_381,8,544.0,68.0,1.5487949401183205,Jazz,1
user_382,8,369.0,46.125,1.0612781240263243,Electronic,0
user_383,8,359.0,44.875,1.29879494026259,Jazz,1
user_384,5,213.0,42.6,1.37095059402186,Jazz,1
user_385,10,616.0,61.6,1.7709505937333212,Electronic,0
user_386,6,209.0,34.833333333333336,1.2516291669550144,Hip-Hop,2
user_387,10,480.0,48.0,1.2954618438055134,Electronic,0
user_388,9,503.0,55.888888888888886,1.6577427259278108,Jazz,1
user_389,5,318.0,63.6,1.37095059402186,Classical,4
user_39,9,402.0,44.666666666666664,1.2243944449731774,Classical,4
user_390,6,246.0,41.0,1.2516291669550144,Classical,4
user_391,9,535.0,59.44444444444444,1.4466166670511302,Classical,4
user_392,9,567.0,63.0,1.4466166670511302,Hip-Hop,2
user_393,7,448.0,64.0,1.378783493053367,Jazz,1
user_394,5,360.0,72.0,1.37095059402186,Rock,3
user_395,8,431.0,53.875,1.29879494026259,Jazz,1
user_396,4,158.0,39.5,1.4999999995671913,Classical,4
user_397,6,278.0,46.333333333333336,1.2516291669550144,Jazz,1
user_398,9,557.0,61.888888888888886,1.4466166670511302,Electronic,0
user_399,3,251.0,83.66666666666667,0.9182958337659504,Rock,3
user_4,3,124.0,41.333333333333336,0.9182958337659504,Jazz,1
user_40,4,145.0,36.25,1.4999999995671913,Electronic,0
user_400,10,502.0,50.2,1.5709505938775907,Hip-Hop,2
user_401,9,420.0,46.666666666666664,1.4466166670511302,Pop,5
user_402,3,34.0,11.333333333333334,0.9182958337659504,Hip-Hop,1
user_403,8,428.0,53.5,1.5487949401183205,Hip-Hop,2
user_404,10,579.0,57.9,1.5709505938775907,Electronic,0
user_405,8,452.0,56.5,1.5487949401183205,Hip-Hop,2
user_406,9,550.0,61.111111111111114,0.9182958337659504,Rock,3
user_407,5,211.0,42.2,0.9709505941661296,Jazz,1
user_408,4,81.0,20.25,1.4999999995671913,Pop,1
user_409,4,173.0,43.25,1.4999999995671913,Electronic,1
user_41,3,130.0,43.333333333333336,0.9182958337659504,Pop,5
user_410,10,487.0,48.7,1.7709505937333212,Electronic,0
user_411,3,187.0,62.333333333333336,0.9182958337659504,Hip-Hop,5
user_412,8,424.0,53.0,1.29879494026259,Hip-Hop,2
user_413,9,545.0,60.55555555555556,1.2243944449731774,Rock,3
user_414,9,518.0,57.55555555555556,1.2243944449731774,Hip-Hop,2
user_415,8,355.0,44.375,1.5487949401183205,Classical,4
user_416,7,324.0,46.285714285714285,1.378783493053367,Classical,4
user_417,6,350.0,58.333333333333336,1.2516291669550144,Rock,3
user_418,5,267.0,53.4,1.37095059402186,Classical,4
user_419,8,447.0,55.875,1.5487949401183205,Jazz,1
user_42,10,454.0,45.4,1.5709505938775907,Classical,4
user_420,10,461.0,46.1,1.7709505937333212,Pop,5
user_421,6,294.0,49.0,0.9182958337659504,Classical,4
user_422,5,216.0,43.2,1.37095059402186,Hip-Hop,2
user_423,11,497.0,45.18181818181818,1.8676338902498646,Rock,3
user_424,7,283.0,40.42857142857143,1.6644977786233832,Electronic,0
user_425,9,506.0,56.22222222222222,1.4466166670511302,Hip-Hop,2
user_426,8,461.0,57.625,1.5487949401183205,Classical,4
user_427,11,636.0,57.81818181818182,1.8676338902498646,Pop,5
user_428,4,174.0,43.5,0.9999999997114609,Hip-Hop,2
user_429,6,335.0,55.833333333333336,1.2516291669550144,Hip-Hop,2
user_43,10,688.0,68.8,1.5709505938775907,Electronic,0
user_430,10,611.0,61.1,1.7709505937333212,Classical,4
user_431,5,337.0,67.4,1.37095059402186,Electronic,0
user_432,9,418.0,46.44444444444444,1.4466166670511302,Hip-Hop,2
user_433,3,66.0,22.0,0.9182958337659504,Classical,1
user_434,9,465.0,51.666666666666664,1.8799649480057634,Jazz,1
user_435,4,267.0,66.75,0.9999999997114609,Classical,4
user_436,8,439.0,54.875,1.29879494026259,Jazz,1
user_437,7,350.0,50.0,0.8631205682780919,Jazz,1
user_438,10,619.0,61.9,1.37095059402186,Electronic,0
user_439,11,492.0,44.72727272727273,1.6858157085759522,Hip-Hop,2
user_44,9,426.0,47.333333333333336,1.2243944449731774,Pop,5
user_440,10,421.0,42.1,1.5709505938775907,Rock,3
user_441,7,253.0,36.142857142857146,1.6644977786233832,Jazz,1
user_442,4,136.0,34.0,1.4999999995671913,Jazz,1
user_443,10,380.0,38.0,1.5709505938775907,Electronic,0
user_444,11,714.0,64.9090909090909,1.4353713903417247,Hip-Hop,2
user_445,6,230.0,38.333333333333336,1.2516291669550144,Pop,5
user_446,9,544.0,60.44444444444444,1.4466166670511302,Electronic,0
user_447,6,189.0,31.5,1.2516291669550144,Hip-Hop,2
user_448,8,367.0,45.875,1.29879494026259,Hip-Hop,2
user_449,6,300.0,50.0,1.2516291669550144,Electronic,0
user_45,8,221.0,27.625,1.29879494026259,Jazz,1
user_450,11,444.0,40.36363636363637,1.617189572015637,Classical,4
user_451,8,335.0,41.875,1.5487949401183205,Jazz,1
user_452,8,583.0,72.875,1.5487949401183205,Jazz,1
user_453,3,210.0,70.0,0.9182958337659504,Classical,4
user_454,10,471.0,47.1,1.5709505938775907,Electronic,0
user_455,4,279.0,69.75,0.9999999997114609,Classical,4
user_456,7,493.0,70.42857142857143,1.6644977786233832,Classical,4
user_457,7,321.0,45.857142857142854,0.8631205682780919,Pop,5
user_458,9,590.0,65.55555555555556,1.4466166670511302,Electronic,0
user_459,3,201.0,67.0,0.9182958337659504,Pop,5
user_46,5,166.0,33.2,1.37095059402186,Jazz,1
user_460,6,190.0,31.666666666666668,1.2516291669550144,Electronic,0
user_461,9,395.0,43.888888888888886,1.2243944449731774,Pop,5
user_462,4,164.0,41.0,1.4999999995671913,Pop,5
user_463,8,387.0,48.375,1.5487949401183205,Jazz,1
user_464,3,125.0,41.666666666666664,0.9182958337659504,Jazz,1
user_465,10,567.0,56.7,1.5709505938775907,Hip-Hop,2
user_466,10,558.0,55.8,1.7709505937333212,Rock,3
user_467,9,278.0,30.88888888888889,1.4466166670511302,Classical,4
user_468,9,372.0,41.333333333333336,1.4466166670511302,Pop,5
user_469,6,356.0,59.333333333333336,0.9182958337659504,Classical,4
user_47,7,317.0,45.285714285714285,1.6644977786233832,Rock,3
user_470,9,241.0,26.77777777777778,1.4466166670511302,Electronic,0
user_471,9,424.0,47.111111111111114,1.4466166670511302,Electronic,0
user_472,7,332.0,47.42857142857143,1.378783493053367,Classical,4
user_473,8,340.0,42.5,1.5487949401183205,Jazz,1
user_474,8,365.0,45.625,1.29879494026259,Jazz,1
user_475,10,519.0,51.9,1.5709505938775907,Classical,4
user_476,8,359.0,44.875,1.5487949401183205,Pop,5
user_477,9,346.0,38.44444444444444,1.2243944449731774,Rock,3
user_478,8,350.0,43.75,1.29879494026259,Pop,5
user_479,4,305.0,76.25,1.4999999995671913,Electronic,0
user_48,4,156.0,39.0,1.4999999995671913,Jazz,1
user_480,9,435.0,48.333333333333336,1.4466166670511302,Classical,4
user_481,6,380.0,63.333333333333336,1.2516291669550144,Rock,3
user_482,10,586.0,58.6,1.5709505938775907,Rock,3
user_483,10,514.0,51.4,1.760964046866603,Jazz,1
user_484,5,320.0,64.0,1.37095059402186,Jazz,1
user_485,10,384.0,38.4,1.2954618438055134,Rock,3
user_486,11,616.0,56.0,1.6858157085759522,Pop,5
user_487,8,267.0,33.375,1.29879494026259,Jazz,1
user_488,5,315.0,63.0,1.37095059402186,Jazz,1
user_489,7,205.0,29.285714285714285,1.378783493053367,Hip-Hop,2
user_49,8,452.0,56.5,1.5487949401183205,Rock,3
user_490,8,522.0,65.25,1.5487949401183205,Jazz,1
user_491,5,185.0,37.0,0.9709505941661296,Classical,4
user_492,10,208.0,20.8,1.7709505937333212,Rock,3
user_493,8,324.0,40.5,1.5487949401183205,Pop,5
user_494,7,399.0,57.0,1.6644977786233832,Classical,4
user_495,4,139.0,34.75,0.8112781241705938,Electronic,0
user_496,7,406.0,58.0,1.378783493053367,Classical,4
user_497,7,376.0,53.714285714285715,1.6644977786233832,Electronic,1
user_498,9,459.0,51.0,1.4466166670511302,Electronic,0
user_499,9,597.0,66.33333333333333,1.2243944449731774,Rock,3
user_5,7,325.0,46.42857142857143,1.6644977786233832,Hip-Hop,2
user_50,10,541.0,54.1,1.7709505937333212,Hip-Hop,2
user_500,10,516.0,51.6,1.2954618438055134,Classical,4
user_51,5,214.0,42.8,1.37095059402186,Hip-Hop,2
user_52,9,353.0,39.22222222222222,1.2243944449731774,Classical,4
user_53,4,230.0,57.5,1.4999999995671913,Hip-Hop,2
user_54,6,197.0,32.833333333333336,1.2516291669550144,Pop,5
user_55,3,159.0,53.0,0.9182958337659504,Jazz,1
user_56,9,485.0,53.888888888888886,1.2243944449731774,Hip-Hop,2
user_57,8,303.0,37.875,1.29879494026259,Electronic,5
user_58,8,363.0,45.375,1.5487949401183205,Hip-Hop,2
user_59,8,528.0,66.0,0.8112781241705938,Classical,4
user_6,9,368.0,40.888888888888886,1.2243944449731774,Rock,3
user_60,10,432.0,43.2,1.7709505937333212,Pop,5
user_61,9,385.0,42.77777777777778,1.2243944449731774,Electronic,0
user_62,6,449.0,74.83333333333333,1.2516291669550144,Electronic,0
user_63,9,360.0,40.0,1.6577427259278108,Jazz,1
user_64,5,307.0,61.4,0.9709505941661296,Jazz,1
user_65,9,432.0,48.0,1.3516441147205838,Jazz,1
user_66,5,388.0,77.6,1.37095059402186,Classical,4
user_67,8,411.0,51.375,1.5487949401183205,Rock,3
user_68,6,260.0,43.333333333333336,1.2516291669550144,Electronic,0
user_69,8,389.0,48.625,1.29879494026259,Jazz,1
user_7,10,441.0,44.1,1.5709505938775907,Electronic,0
user_70,9,410.0,45.55555555555556,1.2243944449731774,Rock,3
user_71,9,421.0,46.77777777777778,1.2243944449731774,Classical,4
user_72,8,336.0,42.0,1.29879494026259,Jazz,1
user_73,9,391.0,43.44444444444444,1.2243944449731774,Electronic,0
user_74,4,168.0,42.0,1.4999999995671913,Pop,1
user_75,8,402.0,50.25,0.954434002636426,Jazz,1
user_76,9,556.0,61.77777777777778,1.2243944449731774,Pop,5
user_77,10,487.0,48.7,1.5709505938775907,Electronic,0
user_78,10,414.0,41.4,1.5709505938775907,Electronic,0
user_79,6,266.0,44.333333333333336,1.2516291669550144,Jazz,1
user_8,4,225.0,56.25,1.4999999995671913,Classical,4
user_80,8,427.0,53.375,1.5487949401183205,Jazz,1
user_81,7,214.0,30.571428571428573,1.378783493053367,Rock,3
user_82,3,175.0,58.333333333333336,0.9182958337659504,Pop,2
user_83,10,465.0,46.5,1.7709505937333212,Hip-Hop,2
user_84,6,121.0,20.166666666666668,0.9182958337659504,Rock,5
user_85,7,501.0,71.57142857142857,1.378783493053367,Classical,4
user_86,8,288.0,36.0,1.0612781240263243,Electronic,0
user_87,3,170.0,56.666666666666664,0.9182958337659504,Hip-Hop,2
user_88,10,385.0,38.5,1.2954618438055134,Hip-Hop,2
user_89,10,646.0,64.6,1.2954618438055134,Classical,4
user_9,8,413.0,51.625,1.29879494026259,Hip-Hop,2
user_90,9,579.0,64.33333333333333,1.4466166670511302,Classical,4
user_91,6,218.0,36.333333333333336,0.9182958337659504,Rock,3
user_92,10,428.0,42.8,1.5709505938775907,Pop,5
user_93,8,437.0,54.625,1.29879494026259,Jazz,1
user_94,10,462.0,46.2,1.5709505938775907,Classical,4
user_95,6,229.0,38.166666666666664,1.2516291669550144,Classical,4
user_96,8,400.0,50.0,1.5487949401183205,Classical,4
user_97,7,321.0,45.857142857142854,1.6644977786233832,Pop,5
user_98,10,435.0,43.5,1.7709505937333212,Rock,3
user_99,5,244.0,48.8,1.37095059402186,Jazz,1
